strain	virus	date	accession	year	country	genotype	subgenotype	clade
1944/KM204119/USA.Hawaii	dengue	1944-XX-XX	KM204119	1944	USA.Hawaii	I	1A	1A1
1979/JN029818/China	dengue	1979-XX-XX	JN029818	1979	China	I	1A	1A3
1980/AY732421/Thailand	dengue	1980-XX-XX	AY732421	1980	Thailand	I	1A	1A2
1980/AF350498/China	dengue	1980-XX-XX	AF350498	1980	China	I	1A	1A3
1981/AY732383/Thailand	dengue	1981-XX-XX	AY732383	1981	Thailand	I	1A	1A2
1982/AY732378/Thailand	dengue	1982-XX-XX	AY732378	1982	Thailand	I	1A	1A3
1983/AY732390/Thailand	dengue	1983-XX-XX	AY732390	1983	Thailand	I	1A	1A3
1985/JN638328/Thailand	dengue	1985-XX-XX	JN638328	1985	Thailand	I	1A	1A11
1985/JN029817/China	dengue	1985-XX-XX	JN029817	1985	China	I	1A	1A2
1986/JN638336/Thailand	dengue	1986-XX-XX	JN638336	1986	Thailand	I	1A	1A12
1986/AY732420/Thailand	dengue	1986-XX-XX	AY732420	1986	Thailand	I	1A	1A2
1987/AF425628/China	dengue	1987-XX-XX	AF425628	1987	China	I	1A	1A12
1987/AY732425/Thailand	dengue	1987-XX-XX	AY732425	1987	Thailand	I	1A	1A12
1987/JN638341/Thailand	dengue	1987-XX-XX	JN638341	1987	Thailand	I	1A	1A9
1988/AY732437/Thailand	dengue	1988-XX-XX	AY732437	1988	Thailand	I	1A	1A12
1989/AY732410/Thailand	dengue	1989-XX-XX	AY732410	1989	Thailand	I	1A	1A10
1989/AY732433/Thailand	dengue	1989-XX-XX	AY732433	1989	Thailand	I	1A	1A12
1989/AY732388/Thailand	dengue	1989-XX-XX	AY732388	1989	Thailand	I	1A	1A4
1990/JN638342/Thailand	dengue	1990-XX-XX	JN638342	1990	Thailand	I	1A	1A11
1990/AY732442/Thailand	dengue	1990-XX-XX	AY732442	1990	Thailand	I	1A	1A12
1990/AY732448/Thailand	dengue	1990-XX-XX	AY732448	1990	Thailand	I	1A	1A4
1991/AY732478/Thailand	dengue	1991-XX-XX	AY732478	1991	Thailand	I	1A	1A12
1992/JN638338/Thailand	dengue	1992-XX-XX	JN638338	1992	Thailand	I	1A	1A12
1992/AY732402/Thailand	dengue	1992-XX-XX	AY732402	1992	Thailand	I	1A	1A4
1992/AY732395/Thailand	dengue	1992-XX-XX	AY732395	1992	Thailand	I	1A	1A6
1993/AY732465/Thailand	dengue	1993-XX-XX	AY732465	1993	Thailand	I	1A	1A12
1993/AY732399/Thailand	dengue	1993-XX-XX	AY732399	1993	Thailand	I	1A	1A4
1994/AY732468/Thailand	dengue	1994-XX-XX	AY732468	1994	Thailand	I	1A	1A12
1994/AY732456/Thailand	dengue	1994-XX-XX	AY732456	1994	Thailand	I	1A	1A4
1995/JN638344/Thailand	dengue	1995-XX-XX	JN638344	1995	Thailand	I	1A	1A12
1996/AB003090/Laos	dengue	1996-XX-XX	AB003090	1996	Laos	I	1A	1A5
1998/JQ317713/China	dengue	1998-XX-XX	JQ317713	1998	China	I	1A	1A2
1998/AF298808/Djibouti	dengue	1998-XX-XX	AF298808	1998	Djibouti	I	1A	1A20
1998/AY726555/Myanmar	dengue	1998-XX-XX	AY726555	1998	Myanmar	I	1A	1A8
1999/AY618878/Myanmar	dengue	1999-XX-XX	AY618878	1999	Myanmar	I	1A	1A7
2000/AY618877/Myanmar	dengue	2000-XX-XX	AY618877	2000	Myanmar	I	1A	1A7
2001/DQ265013/Myanmar	dengue	2001-XX-XX	DQ265013	2001	Myanmar	I	1A	1A7
2001/AY618210/Myanmar	dengue	2001-XX-XX	AY618210	2001	Myanmar	I	1A	1A8
2002/AY726552/Myanmar	dengue	2002-XX-XX	AY726552	2002	Myanmar	I	1A	1A7
2006/AM746212/Saudi_Arabia	dengue	2006-XX-XX	AM746212	2006	Saudi_Arabia	I	1A	1A13
2006/AM746213/Saudi_Arabia	dengue	2006-XX-XX	AM746213	2006	Saudi_Arabia	I	1A	1A14
2010/KU509258/Eritrea	dengue	2010-XX-XX	KU509258	2010	Eritrea	I	1A	1A19
2011/KJ649286/Saudi_Arabia	dengue	2011-XX-XX	KJ649286	2011	Saudi_Arabia	I	1A	1A14
2011/KC848578/Somalia	dengue	2011-XX-XX	KC848578	2011	Somalia	I	1A	1A15
2011/KC848579/Somalia	dengue	2011-XX-XX	KC848579	2011	Somalia	I	1A	1A16
2011/KC848580/Somalia	dengue	2011-XX-XX	KC848580	2011	Somalia	I	1A	1A17
1990/AY732441/Thailand	dengue	1990-XX-XX	AY732441	1990	Thailand	I	1B	1B1
1991/JQ317727/China	dengue	1991-XX-XX	JQ317727	1991	China	I	1B	1B1
1991/AY732413/Thailand	dengue	1991-XX-XX	AY732413	1991	Thailand	I	1B	1B12
1992/JN638343/Thailand	dengue	1992-XX-XX	JN638343	1992	Thailand	I	1B	1B1
1993/AY732461/Thailand	dengue	1993-XX-XX	AY732461	1993	Thailand	I	1B	1B1
1993/AY732415/Thailand	dengue	1993-XX-XX	AY732415	1993	Thailand	I	1B	1B4
1994/AY732393/Thailand	dengue	1994-XX-XX	AY732393	1994	Thailand	I	1B	1B1
1994/AB608789/China	dengue	1994-XX-XX	AB608789	1994	China	I	1B	1B10
1994/AY732431/Thailand	dengue	1994-XX-XX	AY732431	1994	Thailand	I	1B	1B16
1995/AY732404/Thailand	dengue	1995-XX-XX	AY732404	1995	Thailand	I	1B	1B1
1995/AY376738/China	dengue	1995-XX-XX	AY376738	1995	China	I	1B	1B12
1995/AY732430/Thailand	dengue	1995-XX-XX	AY732430	1995	Thailand	I	1B	1B12
1995/JN638339/Thailand	dengue	1995-XX-XX	JN638339	1995	Thailand	I	1B	1B4
1996/AY732423/Thailand	dengue	1996-XX-XX	AY732423	1996	Thailand	I	1B	1B1
1996/AY732422/Thailand	dengue	1996-XX-XX	AY732422	1996	Thailand	I	1B	1B12
1996/AY732455/Thailand	dengue	1996-XX-XX	AY732455	1996	Thailand	I	1B	1B4
1997/JN638330/Thailand	dengue	1997-XX-XX	JN638330	1997	Thailand	I	1B	1B12
1997/AY376737/China	dengue	1997-XX-XX	AY376737	1997	China	I	1B	1B15
1997/JQ317731/China	dengue	1997-XX-XX	JQ317731	1997	China	I	1B	1B2
1997/JN638340/Thailand	dengue	1997-XX-XX	JN638340	1997	Thailand	I	1B	1B4
1997/AY732459/Thailand	dengue	1997-XX-XX	AY732459	1997	Thailand	I	1B	1B5
1998/KC861971/Vietnam	dengue	1998-XX-XX	KC861971	1998	Vietnam	I	1B	1B11
1998/AY588273/Myanmar	dengue	1998-XX-XX	AY588273	1998	Myanmar	I	1B	1B12
1998/EF508198/China	dengue	1998-XX-XX	EF508198	1998	China	I	1B	1B12
1998/JQ317710/China	dengue	1998-XX-XX	JQ317710	1998	China	I	1B	1B14
1998/KY496856/China	dengue	1998-XX-XX	KY496856	1998	China	I	1B	1B16
1998/AF309641/Cambodia	dengue	1998-XX-XX	AF309641	1998	Cambodia	I	1B	1B16
1998/AY732454/Thailand	dengue	1998-XX-XX	AY732454	1998	Thailand	I	1B	1B5
1999/AY732400/Thailand	dengue	1999-XX-XX	AY732400	1999	Thailand	I	1B	1B12
1999/EF508199/China	dengue	1999-XX-XX	EF508199	1999	China	I	1B	1B12
1999/KC861947/Vietnam	dengue	1999-XX-XX	KC861947	1999	Vietnam	I	1B	1B12
1999/AY732443/Thailand	dengue	1999-XX-XX	AY732443	1999	Thailand	I	1B	1B3
1999/AY732470/Thailand	dengue	1999-XX-XX	AY732470	1999	Thailand	I	1B	1B4
2000/AY732452/Thailand	dengue	2000-XX-XX	AY732452	2000	Thailand	I	1B	1B12
2000/AY732460/Thailand	dengue	2000-XX-XX	AY732460	2000	Thailand	I	1B	1B13
2000/AY732409/Thailand	dengue	2000-XX-XX	AY732409	2000	Thailand	I	1B	1B16
2000/GQ868637/Cambodia	dengue	2000-XX-XX	GQ868637	2000	Cambodia	I	1B	1B6
2001/AY732462/Thailand	dengue	2001-XX-XX	AY732462	2001	Thailand	I	1B	1B12
2001/JN415525/Thailand	dengue	2001-XX-XX	JN415525	2001	Thailand	I	1B	1B16
2001/AY732464/Thailand	dengue	2001-XX-XX	AY732464	2001	Thailand	I	1B	1B4
2001/JN819423/Cambodia	dengue	2001-XX-XX	JN819423	2001	Cambodia	I	1B	1B6
2001/KF955406/Cambodia	dengue	2001-XX-XX	KF955406	2001	Cambodia	I	1B	1B7
2001/FJ639673/Cambodia	dengue	2001-XX-XX	FJ639673	2001	Cambodia	I	1B	1B8
2002/AY732403/Thailand	dengue	2002-XX-XX	AY732403	2002	Thailand	I	1B	1B16
2003/FJ639678/Cambodia	dengue	2003-XX-XX	FJ639678	2003	Cambodia	I	1B	1B6
2003/JN638323/Thailand	dengue	2003-XX-XX	JN638323	2003	Thailand	I	1B	1B6
2003/FJ850069/Cambodia	dengue	2003-XX-XX	FJ850069	2003	Cambodia	I	1B	1B7
2003/JN376779/Vietnam	dengue	2003-XX-XX	JN376779	2003	Vietnam	I	1B	1B7
2006/FJ898424/Vietnam	dengue	2006-XX-XX	FJ898424	2006	Vietnam	I	1B	1B8
2006/JQ993176/Thailand	dengue	2006-XX-XX	JQ993176	2006	Thailand	I	1B	1B9
2007/JQ993151/Thailand	dengue	2007-XX-XX	JQ993151	2007	Thailand	I	1B	1B16
2007/EU677176/Vietnam	dengue	2007-XX-XX	EU677176	2007	Vietnam	I	1B	1B8
2007/JQ993109/Thailand	dengue	2007-XX-XX	JQ993109	2007	Thailand	I	1B	1B9
2008/KC172835/Laos	dengue	2008-XX-XX	KC172835	2008	Laos	I	1B	1B16
2008/KU509260/Cambodia	dengue	2008-XX-XX	KU509260	2008	Cambodia	I	1B	1B9
2008/KU509262/Thailand	dengue	2008-XX-XX	KU509262	2008	Thailand	I	1B	1B9
2009/KY849745/Laos	dengue	2009-XX-XX	KY849745	2009	Laos	I	1B	1B16
2009/KC172832/Laos	dengue	2009-XX-XX	KC172832	2009	Laos	I	1B	1B9
2009/KU509256/Thailand	dengue	2009-XX-XX	KU509256	2009	Thailand	I	1B	1B9
2010/HG316481/Thailand	dengue	2010-XX-XX	HG316481	2010	Thailand	I	1B	1B9
2002/KC861979/Vietnam	dengue	2002-XX-XX	KC861979	2002	Vietnam	I	1C	1C1
2003/EU482476/Vietnam	dengue	2003-XX-XX	EU482476	2003	Vietnam	I	1C	1C1
2006/FJ898425/Vietnam	dengue	2006-XX-XX	FJ898425	2006	Vietnam	I	1C	1C1
2007/FJ024456/Vietnam	dengue	2007-XX-XX	FJ024456	2007	Vietnam	I	1C	1C1
2008/GQ868636/Cambodia	dengue	2008-XX-XX	GQ868636	2008	Cambodia	I	1C	1C1
2008/JF967849/Vietnam	dengue	2008-XX-XX	JF967849	2008	Vietnam	I	1C	1C1
2009/KC861953/Vietnam	dengue	2009-XX-XX	KC861953	2009	Vietnam	I	1C	1C1
2010/JF967943/Vietnam	dengue	2010-XX-XX	JF967943	2010	Vietnam	I	1C	1C1
2011/JX093684/Vietnam	dengue	2011-XX-XX	JX093684	2011	Vietnam	I	1C	1C1
1998/KC861961/Vietnam	dengue	1998-XX-XX	KC861961	1998	Vietnam	I	1D	1D4
1999/AY732439/Thailand	dengue	1999-XX-XX	AY732439	1999	Thailand	I	1D	1D1
2000/AY732469/Thailand	dengue	2000-XX-XX	AY732469	2000	Thailand	I	1D	1D1
2001/AY732467/Thailand	dengue	2001-XX-XX	AY732467	2001	Thailand	I	1D	1D1
2002/EU069599/Singapore	dengue	2002-XX-XX	EU069599	2002	Singapore	I	1D	1D1
2002/JN376778/Vietnam	dengue	2002-XX-XX	JN376778	2002	Vietnam	I	1D	1D1
2002/FJ639674/Cambodia	dengue	2002-XX-XX	FJ639674	2002	Cambodia	I	1D	1D3
2003/GQ868618/Cambodia	dengue	2003-XX-XX	GQ868618	2003	Cambodia	I	1D	1D1
2003/KC861964/Vietnam	dengue	2003-XX-XX	KC861964	2003	Vietnam	I	1D	1D1
2003/KC861920/Vietnam	dengue	2003-XX-XX	KC861920	2003	Vietnam	I	1D	1D3
2006/HM181939/Cambodia	dengue	2006-XX-XX	HM181939	2006	Cambodia	I	1D	1D1
2006/EU660402/Vietnam	dengue	2006-XX-XX	EU660402	2006	Vietnam	I	1D	1D2
2006/GQ199840/Vietnam	dengue	2006-XX-XX	GQ199840	2006	Vietnam	I	1D	1D3
2006/KC861975/Vietnam	dengue	2006-XX-XX	KC861975	2006	Vietnam	I	1D	1D4
2007/FJ882559/Vietnam	dengue	2007-XX-XX	FJ882559	2007	Vietnam	I	1D	1D1
2007/HM181945/Cambodia	dengue	2007-XX-XX	HM181945	2007	Cambodia	I	1D	1D1
2007/GQ199811/Vietnam	dengue	2007-XX-XX	GQ199811	2007	Vietnam	I	1D	1D2
2007/HQ588128/Vietnam	dengue	2007-XX-XX	HQ588128	2007	Vietnam	I	1D	1D3
2008/KC182104/Laos	dengue	2008-XX-XX	KC182104	2008	Laos	I	1D	1D1
2008/GU131756/Vietnam	dengue	2008-XX-XX	GU131756	2008	Vietnam	I	1D	1D2
2008/FJ410246/Vietnam	dengue	2008-XX-XX	FJ410246	2008	Vietnam	I	1D	1D3
2008/JQ403516/China	dengue	2008-XX-XX	JQ403516	2008	China	I	1D	1D4
2008/KC861938/Vietnam	dengue	2008-XX-XX	KC861938	2008	Vietnam	I	1D	1D4
2009/JF967861/Vietnam	dengue	2009-XX-XX	JF967861	2009	Vietnam	I	1D	1D2
2009/JF967871/Vietnam	dengue	2009-XX-XX	JF967871	2009	Vietnam	I	1D	1D3
2009/JF967851/Vietnam	dengue	2009-XX-XX	JF967851	2009	Vietnam	I	1D	1D4
2010/JF967953/Vietnam	dengue	2010-XX-XX	JF967953	2010	Vietnam	I	1D	1D3
2011/JX093683/Vietnam	dengue	2011-XX-XX	JX093683	2011	Vietnam	I	1D	1D2
2011/JX093712/Vietnam	dengue	2011-XX-XX	JX093712	2011	Vietnam	I	1D	1D3
2011/KC136240/China	dengue	2011-XX-XX	KC136240	2011	China	I	1D	1D3
2001/AB111071/Cambodia	dengue	2001-XX-XX	AB111071	2001	Cambodia	I	1E	1E1
2002/JQ317746/China	dengue	2002-XX-XX	JQ317746	2002	China	I	1E	1E1
2006/EF508203/China	dengue	2006-XX-XX	EF508203	2006	China	I	1E	1E1
2006/FJ196843/China	dengue	2006-XX-XX	FJ196843	2006	China	I	1E	1E1
2006/FJ882522/Vietnam	dengue	2006-XX-XX	FJ882522	2006	Vietnam	I	1E	1E1
2008/JN196566/Singapore	dengue	2008-XX-XX	JN196566	2008	Singapore	I	1E	1E1
2008/JQ403518/China	dengue	2008-XX-XX	JQ403518	2008	China	I	1E	1E1
2008/JF967833/Vietnam	dengue	2008-XX-XX	JF967833	2008	Vietnam	I	1E	1E1
2010/JF960221/Singapore	dengue	2010-XX-XX	JF960221	2010	Singapore	I	1E	1E1
2012/KC854415/New_Caledonia	dengue	2012-XX-XX	KC854415	2012	New_Caledonia	I	1E	1E1
2012/KU570095/China	dengue	2012-XX-XX	KU570095	2012	China	I	1E	1E1
2012/KY818248/Vietnam	dengue	2012-XX-XX	KY818248	2012	Vietnam	I	1E	1E1
2013/KJ806952/Singapore	dengue	2013-XX-XX	KJ806952	2013	Singapore	I	1E	1E1
2013/KT825012/French_Polynesia	dengue	2013-XX-XX	KT825012	2013	French_Polynesia	I	1E	1E1
2013/KY971717/Vietnam	dengue	2013-XX-XX	KY971717	2013	Vietnam	I	1E	1E1
2014/KT825033/Vietnam	dengue	2014-XX-XX	KT825033	2014	Vietnam	I	1E	1E1
2014/KU509313/Singapore	dengue	2014-XX-XX	KU509313	2014	Singapore	I	1E	1E1
2014/KX685338/French_Polynesia	dengue	2014-XX-XX	KX685338	2014	French_Polynesia	I	1E	1E1
2015/KT825035/French_Polynesia	dengue	2015-XX-XX	KT825035	2015	French_Polynesia	I	1E	1E1
2015/KY971719/Vietnam	dengue	2015-XX-XX	KY971719	2015	Vietnam	I	1E	1E1
2016/KY495793/Vietnam	dengue	2016-XX-XX	KY495793	2016	Vietnam	I	1E	1E1
2003/FJ639679/Cambodia	dengue	2003-XX-XX	FJ639679	2003	Cambodia	I	1F	1F1
2006/HM181941/Cambodia	dengue	2006-XX-XX	HM181941	2006	Cambodia	I	1F	1F1
2006/JF269174/Vietnam	dengue	2006-XX-XX	JF269174	2006	Vietnam	I	1F	1F1
2007/GQ199825/Vietnam	dengue	2007-XX-XX	GQ199825	2007	Vietnam	I	1F	1F1
2007/KF955444/Cambodia	dengue	2007-XX-XX	KF955444	2007	Cambodia	I	1F	1F1
2008/JF937651/Cambodia	dengue	2008-XX-XX	JF937651	2008	Cambodia	I	1F	1F1
2008/KY971686/Vietnam	dengue	2008-XX-XX	KY971686	2008	Vietnam	I	1F	1F1
2009/GU131895/Cambodia	dengue	2009-XX-XX	GU131895	2009	Cambodia	I	1F	1F1
2009/KY849720/Laos	dengue	2009-XX-XX	KY849720	2009	Laos	I	1F	1F1
2009/KY971700/Vietnam	dengue	2009-XX-XX	KY971700	2009	Vietnam	I	1F	1F1
2010/JF967924/Cambodia	dengue	2010-XX-XX	JF967924	2010	Cambodia	I	1F	1F1
2010/KY849743/Laos	dengue	2010-XX-XX	KY849743	2010	Laos	I	1F	1F1
2010/KY971701/Vietnam	dengue	2010-XX-XX	KY971701	2010	Vietnam	I	1F	1F1
2011/JX093708/Vietnam	dengue	2011-XX-XX	JX093708	2011	Vietnam	I	1F	1F1
2011/KT175107/Cambodia	dengue	2011-XX-XX	KT175107	2011	Cambodia	I	1F	1F1
2012/KT175078/China	dengue	2012-XX-XX	KT175078	2012	China	I	1F	1F1
2012/KT824985/Cambodia	dengue	2012-XX-XX	KT824985	2012	Cambodia	I	1F	1F1
2012/KT824990/Papua_New_Guinea	dengue	2012-XX-XX	KT824990	2012	Papua_New_Guinea	I	1F	1F1
2012/KX380798/Singapore	dengue	2012-XX-XX	KX380798	2012	Singapore	I	1F	1F1
2013/KF887994/Thailand	dengue	2013-XX-XX	KF887994	2013	Thailand	I	1F	1F1
2013/KT825017/Vietnam	dengue	2013-XX-XX	KT825017	2013	Vietnam	I	1F	1F1
2013/KT825055/Cambodia	dengue	2013-XX-XX	KT825055	2013	Cambodia	I	1F	1F1
1999/AY620950/Myanmar	dengue	1999-XX-XX	AY620950	1999	Myanmar	I	1G	1G7
2000/DQ265095/Myanmar	dengue	2000-XX-XX	DQ265095	2000	Myanmar	I	1G	1G9
2001/DQ264947/Myanmar	dengue	2001-XX-XX	DQ264947	2001	Myanmar	I	1G	1G1
2001/EU117309/Thailand	dengue	2001-XX-XX	EU117309	2001	Thailand	I	1G	1G1
2001/DQ265005/Myanmar	dengue	2001-XX-XX	DQ265005	2001	Myanmar	I	1G	1G10
2001/DQ264881/Myanmar	dengue	2001-XX-XX	DQ264881	2001	Myanmar	I	1G	1G6
2001/DQ264917/Myanmar	dengue	2001-XX-XX	DQ264917	2001	Myanmar	I	1G	1G7
2001/DQ264927/Myanmar	dengue	2001-XX-XX	DQ264927	2001	Myanmar	I	1G	1G8
2001/AY620948/Myanmar	dengue	2001-XX-XX	AY620948	2001	Myanmar	I	1G	1G9
2002/AY732386/Thailand	dengue	2002-XX-XX	AY732386	2002	Thailand	I	1G	1G1
2002/DQ265156/Myanmar	dengue	2002-XX-XX	DQ265156	2002	Myanmar	I	1G	1G10
2002/DQ264981/Myanmar	dengue	2002-XX-XX	DQ264981	2002	Myanmar	I	1G	1G9
2007/KT175102/Myanmar	dengue	2007-XX-XX	KT175102	2007	Myanmar	I	1G	1G3
2008/JF967840/Myanmar	dengue	2008-XX-XX	JF967840	2008	Myanmar	I	1G	1G1
2008/JF967848/Myanmar	dengue	2008-XX-XX	JF967848	2008	Myanmar	I	1G	1G3
2008/JF967822/Thailand	dengue	2008-XX-XX	JF967822	2008	Thailand	I	1G	1G3
2009/KT373893/Thailand	dengue	2009-XX-XX	KT373893	2009	Thailand	I	1G	1G5
2011/KT175077/China	dengue	2011-XX-XX	KT175077	2011	China	I	1G	1G4
2011/KT175103/Myanmar	dengue	2011-XX-XX	KT175103	2011	Myanmar	I	1G	1G5
2013/KR051909/Myanmar	dengue	2013-XX-XX	KR051909	2013	Myanmar	I	1G	1G4
2013/KR051930/Myanmar	dengue	2013-XX-XX	KR051930	2013	Myanmar	I	1G	1G5
2013/KT175079/China	dengue	2013-XX-XX	KT175079	2013	China	I	1G	1G5
2013/KU509290/Thailand	dengue	2013-XX-XX	KU509290	2013	Thailand	I	1G	1G5
2014/KU509294/Thailand	dengue	2014-XX-XX	KU509294	2014	Thailand	I	1G	1G5
2014/KX620454/China	dengue	2014-XX-XX	KX620454	2014	China	I	1G	1G5
2014/KY038895/China	dengue	2014-XX-XX	KY038895	2014	China	I	1G	1G2
2014/LC038146/Myanmar	dengue	2014-XX-XX	LC038146	2014	Myanmar	I	1G	1G5
2015/KX056467/China	dengue	2015-XX-XX	KX056467	2015	China	I	1G	1G5
2015/KX357943/Myanmar	dengue	2015-XX-XX	KX357943	2015	Myanmar	I	1G	1G5
2015/KX357952/Myanmar	dengue	2015-XX-XX	KX357952	2015	Myanmar	I	1G	1G4
2015/KX357962/Myanmar	dengue	2015-XX-XX	KX357962	2015	Myanmar	I	1G	1G3
2015/KY234170/Thailand	dengue	2015-XX-XX	KY234170	2015	Thailand	I	1G	1G2
2001/FJ850068/Thailand	dengue	2001-XX-XX	FJ850068	2001	Thailand	I	1H	1H1
2001/JQ317752/China	dengue	2001-XX-XX	JQ317752	2001	China	I	1H	1H1
2003/EU448393/Thailand	dengue	2003-XX-XX	EU448393	2003	Thailand	I	1H	1H1
2006/JQ993193/Thailand	dengue	2006-XX-XX	JQ993193	2006	Thailand	I	1H	1H1
2006/EU482811/Vietnam	dengue	2006-XX-XX	EU482811	2006	Vietnam	I	1H	1H2
2006/FJ196844/China	dengue	2006-XX-XX	FJ196844	2006	China	I	1H	1H4
2006/JQ993192/Thailand	dengue	2006-XX-XX	JQ993192	2006	Thailand	I	1H	1H4
2006/JQ317744/China	dengue	2006-XX-XX	JQ317744	2006	China	I	1H	1H5
2007/EU448395/Malaysia	dengue	2007-XX-XX	EU448395	2007	Malaysia	I	1H	1H1
2007/GQ357689/Singapore	dengue	2007-XX-XX	GQ357689	2007	Singapore	I	1H	1H1
2007/JQ993148/Thailand	dengue	2007-XX-XX	JQ993148	2007	Thailand	I	1H	1H1
2007/FJ461328/Vietnam	dengue	2007-XX-XX	FJ461328	2007	Vietnam	I	1H	1H2
2007/HM181952/Cambodia	dengue	2007-XX-XX	HM181952	2007	Cambodia	I	1H	1H2
2007/FJ687474/Thailand	dengue	2007-XX-XX	FJ687474	2007	Thailand	I	1H	1H3
2007/EU280167/China	dengue	2007-XX-XX	EU280167	2007	China	I	1H	1H4
2007/JQ993108/Thailand	dengue	2007-XX-XX	JQ993108	2007	Thailand	I	1H	1H4
2008/JQ403517/China	dengue	2008-XX-XX	JQ403517	2008	China	I	1H	1H1
2008/KC172834/Laos	dengue	2008-XX-XX	KC172834	2008	Laos	I	1H	1H1
2008/KY971689/Vietnam	dengue	2008-XX-XX	KY971689	2008	Vietnam	I	1H	1H2
2008/KY849706/Laos	dengue	2008-XX-XX	KY849706	2008	Laos	I	1H	1H3
2008/JF967810/Myanmar	dengue	2008-XX-XX	JF967810	2008	Myanmar	I	1H	1H4
2008/JN415527/Thailand	dengue	2008-XX-XX	JN415527	2008	Thailand	I	1H	1H4
2009/KY849746/Laos	dengue	2009-XX-XX	KY849746	2009	Laos	I	1H	1H3
2009/JF967879/Thailand	dengue	2009-XX-XX	JF967879	2009	Thailand	I	1H	1H4
2009/JF960219/Singapore	dengue	2009-XX-XX	JF960219	2009	Singapore	I	1H	1H5
2009/JN054256/Sri_Lanka	dengue	2009-XX-XX	JN054256	2009	Sri_Lanka	I	1H	1H5
2009/KT373894/Thailand	dengue	2009-XX-XX	KT373894	2009	Thailand	I	1H	1H5
2010/KU570094/China	dengue	2010-XX-XX	KU570094	2010	China	I	1H	1H3
2010/KY849747/Laos	dengue	2010-XX-XX	KY849747	2010	Laos	I	1H	1H3
2010/JF960220/Singapore	dengue	2010-XX-XX	JF960220	2010	Singapore	I	1H	1H5
2010/JN054255/Sri_Lanka	dengue	2010-XX-XX	JN054255	2010	Sri_Lanka	I	1H	1H5
2011/JQ317754/China	dengue	2011-XX-XX	JQ317754	2011	China	I	1H	1H1
2011/KF926700/Laos	dengue	2011-XX-XX	KF926700	2011	Laos	I	1H	1H3
2011/KT825049/Sri_Lanka	dengue	2011-XX-XX	KT825049	2011	Sri_Lanka	I	1H	1H5
2011/LC148030/Maldives	dengue	2011-XX-XX	LC148030	2011	Maldives	I	1H	1H5
2012/KJ726662/Sri_Lanka	dengue	2012-XX-XX	KJ726662	2012	Sri_Lanka	I	1H	1H5
2012/KY978438/India	dengue	2012-XX-XX	KY978438	2012	India	I	1H	1H5
2012/KT824994/Thailand	dengue	2012-XX-XX	KT824994	2012	Thailand	I	1H	1H5
2013/KJ545444/China	dengue	2013-XX-XX	KJ545444	2013	China	I	1H	1H5
2013/KJ545482/Thailand	dengue	2013-XX-XX	KJ545482	2013	Thailand	I	1H	1H5
2013/KJ755855/India	dengue	2013-XX-XX	KJ755855	2013	India	I	1H	1H5
2013/KJ806941/Singapore	dengue	2013-XX-XX	KJ806941	2013	Singapore	I	1H	1H4
2013/KJ806946/Singapore	dengue	2013-XX-XX	KJ806946	2013	Singapore	I	1H	1H5
2013/KR051919/Myanmar	dengue	2013-XX-XX	KR051919	2013	Myanmar	I	1H	1H5
2013/KR051920/Myanmar	dengue	2013-XX-XX	KR051920	2013	Myanmar	I	1H	1H4
2013/KT825018/Australia	dengue	2013-XX-XX	KT825018	2013	Australia	I	1H	1H5
2013/KT825058/Thailand	dengue	2013-XX-XX	KT825058	2013	Thailand	I	1H	1H5
2013/KU509310/Sri_Lanka	dengue	2013-XX-XX	KU509310	2013	Sri_Lanka	I	1H	1H5
2013/KY038883/China	dengue	2013-XX-XX	KY038883	2013	China	I	1H	1H4
2014/KT175104/Myanmar	dengue	2014-XX-XX	KT175104	2014	Myanmar	I	1H	1H4
2014/KT825029/Sri_Lanka	dengue	2014-XX-XX	KT825029	2014	Sri_Lanka	I	1H	1H5
2014/KY038888/China	dengue	2014-XX-XX	KY038888	2014	China	I	1H	1H5
2015/KX056462/China	dengue	2015-XX-XX	KX056462	2015	China	I	1H	1H4
2015/KX056469/China	dengue	2015-XX-XX	KX056469	2015	China	I	1H	1H5
2015/KX357900/Myanmar	dengue	2015-XX-XX	KX357900	2015	Myanmar	I	1H	1H5
2015/KX357970/Myanmar	dengue	2015-XX-XX	KX357970	2015	Myanmar	I	1H	1H4
2015/KY495792/Thailand	dengue	2015-XX-XX	KY495792	2015	Thailand	I	1H	1H4
2015/KY978439/India	dengue	2015-XX-XX	KY978439	2015	India	I	1H	1H5
2000/FJ639669/Cambodia	dengue	2000-XX-XX	FJ639669	2000	Cambodia	I	1I	1I1
2001/FJ639672/Cambodia	dengue	2001-XX-XX	FJ639672	2001	Cambodia	I	1I	1I1
2003/FJ882563/Vietnam	dengue	2003-XX-XX	FJ882563	2003	Vietnam	I	1I	1I1
2003/GQ868619/Cambodia	dengue	2003-XX-XX	GQ868619	2003	Cambodia	I	1I	1I1
2006/HQ588121/Vietnam	dengue	2006-XX-XX	HQ588121	2006	Vietnam	I	1I	1I1
2008/JF967828/Vietnam	dengue	2008-XX-XX	JF967828	2008	Vietnam	I	1I	1I1
2009/KC861928/Vietnam	dengue	2009-XX-XX	KC861928	2009	Vietnam	I	1I	1I1
2002/AB111079/Thailand	dengue	2002-XX-XX	AB111079	2002	Thailand	I	1J	1J6
2002/AB178040/Micronesia	dengue	2002-XX-XX	AB178040	2002	Micronesia	I	1J	1J6
2002/EU069600/Singapore	dengue	2002-XX-XX	EU069600	2002	Singapore	I	1J	1J6
2003/EU448396/Thailand	dengue	2003-XX-XX	EU448396	2003	Thailand	I	1J	1J6
2003/FJ469909/Singapore	dengue	2003-XX-XX	FJ469909	2003	Singapore	I	1J	1J6
2006/EU448400/Malaysia	dengue	2006-XX-XX	EU448400	2006	Malaysia	I	1J	1J4
2006/KC861918/Vietnam	dengue	2006-XX-XX	KC861918	2006	Vietnam	I	1J	1J4
2006/JQ993196/Thailand	dengue	2006-XX-XX	JQ993196	2006	Thailand	I	1J	1J6
2007/EU448397/Vietnam	dengue	2007-XX-XX	EU448397	2007	Vietnam	I	1J	1J1
2007/KC182102/Laos	dengue	2007-XX-XX	KC182102	2007	Laos	I	1J	1J1
2007/JN638334/Thailand	dengue	2007-XX-XX	JN638334	2007	Thailand	I	1J	1J1
2007/KX951690/China	dengue	2007-XX-XX	KX951690	2007	China	I	1J	1J1
2007/JQ993201/Thailand	dengue	2007-XX-XX	JQ993201	2007	Thailand	I	1J	1J2
2007/HM469968/Thailand	dengue	2007-XX-XX	HM469968	2007	Thailand	I	1J	1J3
2007/KT827368/China	dengue	2007-XX-XX	KT827368	2007	China	I	1J	1J4
2007/EU448398/Thailand	dengue	2007-XX-XX	EU448398	2007	Thailand	I	1J	1J6
2008/JF967819/Thailand	dengue	2008-XX-XX	JF967819	2008	Thailand	I	1J	1J1
2008/KC182105/Laos	dengue	2008-XX-XX	KC182105	2008	Laos	I	1J	1J1
2008/KY849749/Laos	dengue	2008-XX-XX	KY849749	2008	Laos	I	1J	1J2
2008/JF967801/Thailand	dengue	2008-XX-XX	JF967801	2008	Thailand	I	1J	1J2
2008/JF967803/Thailand	dengue	2008-XX-XX	JF967803	2008	Thailand	I	1J	1J3
2008/GQ357685/Singapore	dengue	2008-XX-XX	GQ357685	2008	Singapore	I	1J	1J4
2008/JF967798/Indonesia	dengue	2008-XX-XX	JF967798	2008	Indonesia	I	1J	1J4
2008/JQ317737/China	dengue	2008-XX-XX	JQ317737	2008	China	I	1J	1J5
2008/KC172833/Laos	dengue	2008-XX-XX	KC172833	2008	Laos	I	1J	1J5
2008/JN022601/Singapore	dengue	2008-XX-XX	JN022601	2008	Singapore	I	1J	1J6
2008/KC861935/Vietnam	dengue	2008-XX-XX	KC861935	2008	Vietnam	I	1J	1J6
2009/JF967875/Indonesia	dengue	2009-XX-XX	JF967875	2009	Indonesia	I	1J	1J1
2009/KT373896/Thailand	dengue	2009-XX-XX	KT373896	2009	Thailand	I	1J	1J1
2009/KT373899/Thailand	dengue	2009-XX-XX	KT373899	2009	Thailand	I	1J	1J2
2009/KY849727/Laos	dengue	2009-XX-XX	KY849727	2009	Laos	I	1J	1J2
2009/JQ403519/China	dengue	2009-XX-XX	JQ403519	2009	China	I	1J	1J3
2009/KT373897/Thailand	dengue	2009-XX-XX	KT373897	2009	Thailand	I	1J	1J3
2009/JF960214/Singapore	dengue	2009-XX-XX	JF960214	2009	Singapore	I	1J	1J4
2009/JF967855/Indonesia	dengue	2009-XX-XX	JF967855	2009	Indonesia	I	1J	1J4
2009/JN638335/Thailand	dengue	2009-XX-XX	JN638335	2009	Thailand	I	1J	1J5
2009/KY849748/Laos	dengue	2009-XX-XX	KY849748	2009	Laos	I	1J	1J5
2009/JF960212/Singapore	dengue	2009-XX-XX	JF960212	2009	Singapore	I	1J	1J6
2010/AB624554/Indonesia	dengue	2010-XX-XX	AB624554	2010	Indonesia	I	1J	1J1
2010/JF967923/Thailand	dengue	2010-XX-XX	JF967923	2010	Thailand	I	1J	1J1
2010/JN415528/Thailand	dengue	2010-XX-XX	JN415528	2010	Thailand	I	1J	1J2
2010/JF967919/Cambodia	dengue	2010-XX-XX	JF967919	2010	Cambodia	I	1J	1J2
2010/JF960222/Singapore	dengue	2010-XX-XX	JF960222	2010	Singapore	I	1J	1J4
2010/JF967896/Indonesia	dengue	2010-XX-XX	JF967896	2010	Indonesia	I	1J	1J4
2010/JN380807/Singapore	dengue	2010-XX-XX	JN380807	2010	Singapore	I	1J	1J4
2010/KC182091/Laos	dengue	2010-XX-XX	KC182091	2010	Laos	I	1J	1J5
2010/JF960224/Singapore	dengue	2010-XX-XX	JF960224	2010	Singapore	I	1J	1J6
2010/KT204460/Indonesia	dengue	2010-XX-XX	KT204460	2010	Indonesia	I	1J	1J6
2010/JN415489/Indonesia	dengue	2010-XX-XX	JN415489	2010	Indonesia	I	1J	1J7
2011/KT824981/Thailand	dengue	2011-XX-XX	KT824981	2011	Thailand	I	1J	1J3
2011/KY849704/Laos	dengue	2011-XX-XX	KY849704	2011	Laos	I	1J	1J5
2011/KT825072/Indonesia	dengue	2011-XX-XX	KT825072	2011	Indonesia	I	1J	1J6
2011/KM216688/Indonesia	dengue	2011-XX-XX	KM216688	2011	Indonesia	I	1J	1J7
2012/KJ806934/Singapore	dengue	2012-XX-XX	KJ806934	2012	Singapore	I	1J	1J3
2012/KY818158/Thailand	dengue	2012-XX-XX	KY818158	2012	Thailand	I	1J	1J3
2012/KF052647/Indonesia	dengue	2012-XX-XX	KF052647	2012	Indonesia	I	1J	1J4
2012/KY818146/Thailand	dengue	2012-XX-XX	KY818146	2012	Thailand	I	1J	1J5
2012/KT204449/Indonesia	dengue	2012-XX-XX	KT204449	2012	Indonesia	I	1J	1J6
2012/KT824984/Indonesia	dengue	2012-XX-XX	KT824984	2012	Indonesia	I	1J	1J7
2012/KT824997/Australia	dengue	2012-XX-XX	KT824997	2012	Australia	I	1J	1J7
2013/AB915376/Indonesia	dengue	2013-XX-XX	AB915376	2013	Indonesia	I	1J	1J6
2013/KJ438293/China	dengue	2013-XX-XX	KJ438293	2013	China	I	1J	1J2
2013/KJ806947/Singapore	dengue	2013-XX-XX	KJ806947	2013	Singapore	I	1J	1J4
2013/KT825013/Thailand	dengue	2013-XX-XX	KT825013	2013	Thailand	I	1J	1J3
2013/KT825015/Australia	dengue	2013-XX-XX	KT825015	2013	Australia	I	1J	1J7
2013/KT825053/Indonesia	dengue	2013-XX-XX	KT825053	2013	Indonesia	I	1J	1J7
2013/KY882504/Thailand	dengue	2013-XX-XX	KY882504	2013	Thailand	I	1J	1J5
2014/KP191493/China	dengue	2014-XX-XX	KP191493	2014	China	I	1J	1J7
2014/KT825031/Thailand	dengue	2014-XX-XX	KT825031	2014	Thailand	I	1J	1J7
2014/KU529696/Indonesia	dengue	2014-XX-XX	KU529696	2014	Indonesia	I	1J	1J4
2014/KX452065/Malaysia	dengue	2014-XX-XX	KX452065	2014	Malaysia	I	1J	1J7
2014/LC012534/Singapore	dengue	2014-XX-XX	LC012534	2014	Singapore	I	1J	1J7
2014/LC012535/Japan	dengue	2014-XX-XX	LC012535	2014	Japan	I	1J	1J3
2014/LC016760/Japan	dengue	2014-XX-XX	LC016760	2014	Japan	I	1J	1J7
2014/LC038150/Indonesia	dengue	2014-XX-XX	LC038150	2014	Indonesia	I	1J	1J7
2015/KT306907/China	dengue	2015-XX-XX	KT306907	2015	China	I	1J	1J7
2015/KT825071/Australia	dengue	2015-XX-XX	KT825071	2015	Australia	I	1J	1J7
2015/KU509289/Thailand	dengue	2015-XX-XX	KU509289	2015	Thailand	I	1J	1J7
2015/KU529727/Indonesia	dengue	2015-XX-XX	KU529727	2015	Indonesia	I	1J	1J6
2015/KY006132/Indonesia	dengue	2015-XX-XX	KY006132	2015	Indonesia	I	1J	1J7
2006/EF508206/China	dengue	2006-XX-XX	EF508206	2006	China	I	1K	1K1
2008/KU509257/Thailand	dengue	2008-XX-XX	KU509257	2008	Thailand	I	1K	1K1
2008/LC148025/Cambodia	dengue	2008-XX-XX	LC148025	2008	Cambodia	I	1K	1K1
2009/HQ149731/China	dengue	2009-XX-XX	HQ149731	2009	China	I	1K	1K1
2009/KT373898/Thailand	dengue	2009-XX-XX	KT373898	2009	Thailand	I	1K	1K1
2012/KY818160/Thailand	dengue	2012-XX-XX	KY818160	2012	Thailand	I	1K	1K1
2013/KJ806945/Singapore	dengue	2013-XX-XX	KJ806945	2013	Singapore	I	1K	1K1
2013/KT825002/Australia	dengue	2013-XX-XX	KT825002	2013	Australia	I	1K	1K1
2013/KX621251/China	dengue	2013-XX-XX	KX621251	2013	China	I	1K	1K1
2014/KT825064/Australia	dengue	2014-XX-XX	KT825064	2014	Australia	I	1K	1K1
2014/KT827372/China	dengue	2014-XX-XX	KT827372	2014	China	I	1K	1K1
2015/KT827379/China	dengue	2015-XX-XX	KT827379	2015	China	I	1K	1K1
2008/JF967796/Malaysia	dengue	2008-XX-XX	JF967796	2008	Malaysia	I	1L	1L1
2008/GQ357687/Singapore	dengue	2008-XX-XX	GQ357687	2008	Singapore	I	1L	1L2
2008/JF967821/Malaysia	dengue	2008-XX-XX	JF967821	2008	Malaysia	I	1L	1L2
2009/JF967876/Malaysia	dengue	2009-XX-XX	JF967876	2009	Malaysia	I	1L	1L1
2009/JF960218/Singapore	dengue	2009-XX-XX	JF960218	2009	Singapore	I	1L	1L2
2009/JF967887/Malaysia	dengue	2009-XX-XX	JF967887	2009	Malaysia	I	1L	1L2
2010/JF967911/Malaysia	dengue	2010-XX-XX	JF967911	2010	Malaysia	I	1L	1L1
2010/JQ317733/China	dengue	2010-XX-XX	JQ317733	2010	China	I	1L	1L1
2010/KM216674/Indonesia	dengue	2010-XX-XX	KM216674	2010	Indonesia	I	1L	1L1
2010/JF960223/Singapore	dengue	2010-XX-XX	JF960223	2010	Singapore	I	1L	1L2
2010/JF967897/Malaysia	dengue	2010-XX-XX	JF967897	2010	Malaysia	I	1L	1L2
2012/KY818153/Malaysia	dengue	2012-XX-XX	KY818153	2012	Malaysia	I	1L	1L1
2012/AB915381/Indonesia	dengue	2012-XX-XX	AB915381	2012	Indonesia	I	1L	1L2
2012/KT204450/Indonesia	dengue	2012-XX-XX	KT204450	2012	Indonesia	I	1L	1L2
2013/KJ806949/Singapore	dengue	2013-XX-XX	KJ806949	2013	Singapore	I	1L	1L1
2013/KJ806951/Singapore	dengue	2013-XX-XX	KJ806951	2013	Singapore	I	1L	1L3
2013/KT825052/Indonesia	dengue	2013-XX-XX	KT825052	2013	Indonesia	I	1L	1L3
2013/KU509291/Thailand	dengue	2013-XX-XX	KU509291	2013	Thailand	I	1L	1L1
2013/KY818145/Indonesia	dengue	2013-XX-XX	KY818145	2013	Indonesia	I	1L	1L2
2014/KT825061/Indonesia	dengue	2014-XX-XX	KT825061	2014	Indonesia	I	1L	1L2
2014/KU365900/China	dengue	2014-XX-XX	KU365900	2014	China	I	1L	1L3
2014/KU509292/Vietnam	dengue	2014-XX-XX	KU509292	2014	Vietnam	I	1L	1L1
2014/KU666939/Malaysia	dengue	2014-XX-XX	KU666939	2014	Malaysia	I	1L	1L2
2014/KX224258/Singapore	dengue	2014-XX-XX	KX224258	2014	Singapore	I	1L	1L1
2014/KX224261/Singapore	dengue	2014-XX-XX	KX224261	2014	Singapore	I	1L	1L2
2014/KX225492/China	dengue	2014-XX-XX	KX225492	2014	China	I	1L	1L2
2014/LC038144/Indonesia	dengue	2014-XX-XX	LC038144	2014	Indonesia	I	1L	1L3
2014/LC062957/Japan	dengue	2014-XX-XX	LC062957	2014	Japan	I	1L	1L3
2015/KT825039/Myanmar	dengue	2015-XX-XX	KT825039	2015	Myanmar	I	1L	1L2
2015/KT825069/Malaysia	dengue	2015-XX-XX	KT825069	2015	Malaysia	I	1L	1L2
2015/KU529701/Indonesia	dengue	2015-XX-XX	KU529701	2015	Indonesia	I	1L	1L2
2015/KU529702/Indonesia	dengue	2015-XX-XX	KU529702	2015	Indonesia	I	1L	1L1
2015/KY006130/Indonesia	dengue	2015-XX-XX	KY006130	2015	Indonesia	I	1L	1L3
2016/KX621253/China	dengue	2016-XX-XX	KX621253	2016	China	I	1L	1L2
2007/KC762654/Indonesia	dengue	2007-XX-XX	KC762654	2007	Indonesia	I	1M	1M1
2007/EU448401/Indonesia	dengue	2007-XX-XX	EU448401	2007	Indonesia	I	1M	1M2
2008/KC762626/Indonesia	dengue	2008-XX-XX	KC762626	2008	Indonesia	I	1M	1M1
2008/FJ687477/Indonesia	dengue	2008-XX-XX	FJ687477	2008	Indonesia	I	1M	1M2
2008/JN415531/Australia	dengue	2008-XX-XX	JN415531	2008	Australia	I	1M	1M8
2008/JF967813/Singapore	dengue	2008-XX-XX	JF967813	2008	Singapore	I	1M	1M8
2008/JF967832/Indonesia	dengue	2008-XX-XX	JF967832	2008	Indonesia	I	1M	1M8
2009/JN415519/Papua_New_Guinea	dengue	2009-XX-XX	JN415519	2009	Papua_New_Guinea	I	1M	1M1
2009/HQ149730/China	dengue	2009-XX-XX	HQ149730	2009	China	I	1M	1M3
2009/JF967857/Indonesia	dengue	2009-XX-XX	JF967857	2009	Indonesia	I	1M	1M3
2009/JN380805/Singapore	dengue	2009-XX-XX	JN380805	2009	Singapore	I	1M	1M8
2010/KC762639/Indonesia	dengue	2010-XX-XX	KC762639	2010	Indonesia	I	1M	1M1
2010/KM216681/Indonesia	dengue	2010-XX-XX	KM216681	2010	Indonesia	I	1M	1M2
2010/JF960234/Singapore	dengue	2010-XX-XX	JF960234	2010	Singapore	I	1M	1M3
2010/JF967931/Indonesia	dengue	2010-XX-XX	JF967931	2010	Indonesia	I	1M	1M3
2010/JF967900/Indonesia	dengue	2010-XX-XX	JF967900	2010	Indonesia	I	1M	1M4
2010/JF960233/Singapore	dengue	2010-XX-XX	JF960233	2010	Singapore	I	1M	1M7
2010/KC762642/Indonesia	dengue	2010-XX-XX	KC762642	2010	Indonesia	I	1M	1M8
2011/KT824977/Papua_New_Guinea	dengue	2011-XX-XX	KT824977	2011	Papua_New_Guinea	I	1M	1M1
2011/KT824970/Indonesia	dengue	2011-XX-XX	KT824970	2011	Indonesia	I	1M	1M2
2012/KC589008/Indonesia	dengue	2012-XX-XX	KC589008	2012	Indonesia	I	1M	1M2
2012/KT204446/Indonesia	dengue	2012-XX-XX	KT204446	2012	Indonesia	I	1M	1M7
2012/KC589009/Indonesia	dengue	2012-XX-XX	KC589009	2012	Indonesia	I	1M	1M8
2013/AB915378/Indonesia	dengue	2013-XX-XX	AB915378	2013	Indonesia	I	1M	1M7
2013/KY818092/Indonesia	dengue	2013-XX-XX	KY818092	2013	Indonesia	I	1M	1M3
2013/KY818138/Indonesia	dengue	2013-XX-XX	KY818138	2013	Indonesia	I	1M	1M6
2014/KT175091/Indonesia	dengue	2014-XX-XX	KT175091	2014	Indonesia	I	1M	1M8
2014/KT175095/Indonesia	dengue	2014-XX-XX	KT175095	2014	Indonesia	I	1M	1M1
2014/KU529691/Indonesia	dengue	2014-XX-XX	KU529691	2014	Indonesia	I	1M	1M9
2015/KU529700/Indonesia	dengue	2015-XX-XX	KU529700	2015	Indonesia	I	1M	1M9
2015/KU529712/Indonesia	dengue	2015-XX-XX	KU529712	2015	Indonesia	I	1M	1M5
2015/KU529738/Indonesia	dengue	2015-XX-XX	KU529738	2015	Indonesia	I	1M	1M8
2015/KY006133/Indonesia	dengue	2015-XX-XX	KY006133	2015	Indonesia	I	1M	1M1
1973/U88535/Nauru_Island	dengue	1973-XX-XX	U88535	1973	Nauru_Island	IV	4A	4A2
1974/AF425627/Philippines	dengue	1974-XX-XX	AF425627	1974	Philippines	IV	4A	4A1
1984/D00503/Philippines	dengue	1984-XX-XX	D00503	1984	Philippines	IV	4A	4A2
1991/FJ196845/China	dengue	1991-XX-XX	FJ196845	1991	China	IV	4A	4A3
1995/AY422784/Philippines	dengue	1995-XX-XX	AY422784	1995	Philippines	IV	4A	4A4
1999/AY422785/Philippines	dengue	1999-XX-XX	AY422785	1999	Philippines	IV	4A	4A9
2000/JN415515/Palau	dengue	2000-XX-XX	JN415515	2000	Palau	IV	4A	4A5
2001/AB111068/Samoa	dengue	2001-XX-XX	AB111068	2001	Samoa	IV	4A	4A10
2001/DQ091261/USA.Hawaii	dengue	2001-XX-XX	DQ091261	2001	USA.Hawaii	IV	4A	4A10
2001/JQ655095/Samoa	dengue	2001-XX-XX	JQ655095	2001	Samoa	IV	4A	4A10
2001/AY422777/Philippines	dengue	2001-XX-XX	AY422777	2001	Philippines	IV	4A	4A8
2002/AY422783/Philippines	dengue	2002-XX-XX	AY422783	2002	Philippines	IV	4A	4A10
2002/AB111074/Philippines	dengue	2002-XX-XX	AB111074	2002	Philippines	IV	4A	4A11
2002/AY422778/Philippines	dengue	2002-XX-XX	AY422778	2002	Philippines	IV	4A	4A6
2002/AY422781/Philippines	dengue	2002-XX-XX	AY422781	2002	Philippines	IV	4A	4A7
2003/EU448406/Philippines	dengue	2003-XX-XX	EU448406	2003	Philippines	IV	4A	4A10
2006/KP406803/Philippines	dengue	2006-XX-XX	KP406803	2006	Philippines	IV	4A	4A13
2007/EU448405/Philippines	dengue	2007-XX-XX	EU448405	2007	Philippines	IV	4A	4A14
2008/KJ946238/Philippines	dengue	2008-XX-XX	KJ946238	2008	Philippines	IV	4A	4A12
2008/KJ946237/Philippines	dengue	2008-XX-XX	KJ946237	2008	Philippines	IV	4A	4A14
2010/JF967936/Philippines	dengue	2010-XX-XX	JF967936	2010	Philippines	IV	4A	4A14
2011/KT825047/Philippines	dengue	2011-XX-XX	KT825047	2011	Philippines	IV	4A	4A14
2012/KY818204/Philippines	dengue	2012-XX-XX	KY818204	2012	Philippines	IV	4A	4A14
2013/KU509316/Thailand	dengue	2013-XX-XX	KU509316	2013	Thailand	IV	4A	4A14
2013/KU570101/China	dengue	2013-XX-XX	KU570101	2013	China	IV	4A	4A14
2013/KY818173/Philippines	dengue	2013-XX-XX	KY818173	2013	Philippines	IV	4A	4A14
2014/KT175098/Philippines	dengue	2014-XX-XX	KT175098	2014	Philippines	IV	4A	4A14
2016/KY495796/Philippines	dengue	2016-XX-XX	KY495796	2016	Philippines	IV	4A	4A14
2003/EU448404/Indonesia	dengue	2003-XX-XX	EU448404	2003	Indonesia	IV	4B	4B1
2006/EU448402/Indonesia	dengue	2006-XX-XX	EU448402	2006	Indonesia	IV	4B	4B3
2006/EU448403/Vietnam	dengue	2006-XX-XX	EU448403	2006	Vietnam	IV	4B	4B3
2008/KC762640/Indonesia	dengue	2008-XX-XX	KC762640	2008	Indonesia	IV	4B	4B3
2009/JF967865/Indonesia	dengue	2009-XX-XX	JF967865	2009	Indonesia	IV	4B	4B1
2010/KT204461/Indonesia	dengue	2010-XX-XX	KT204461	2010	Indonesia	IV	4B	4B3
2011/KT824973/Indonesia	dengue	2011-XX-XX	KT824973	2011	Indonesia	IV	4B	4B3
2011/KT824982/Australia	dengue	2011-XX-XX	KT824982	2011	Australia	IV	4B	4B3
2012/AB915368/Indonesia	dengue	2012-XX-XX	AB915368	2012	Indonesia	IV	4B	4B2
2012/KT204447/Indonesia	dengue	2012-XX-XX	KT204447	2012	Indonesia	IV	4B	4B3
2013/AB915384/Indonesia	dengue	2013-XX-XX	AB915384	2013	Indonesia	IV	4B	4B3
2007/FJ687476/Philippines	dengue	2007-XX-XX	FJ687476	2007	Philippines	IV	4C	4C3
2010/KT827367/China	dengue	2010-XX-XX	KT827367	2010	China	IV	4C	4C1
2010/JF967937/Philippines	dengue	2010-XX-XX	JF967937	2010	Philippines	IV	4C	4C3
2011/KY818116/Philippines	dengue	2011-XX-XX	KY818116	2011	Philippines	IV	4C	4C1
2011/KY818161/Philippines	dengue	2011-XX-XX	KY818161	2011	Philippines	IV	4C	4C2
2012/KJ933413/China	dengue	2012-XX-XX	KJ933413	2012	China	IV	4C	4C1
2012/KY882506/Philippines	dengue	2012-XX-XX	KY882506	2012	Philippines	IV	4C	4C1
2012/KY882507/Philippines	dengue	2012-XX-XX	KY882507	2012	Philippines	IV	4C	4C2
2012/KY882502/Philippines	dengue	2012-XX-XX	KY882502	2012	Philippines	IV	4C	4C3
2013/KJ415096/Angola	dengue	2013-XX-XX	KJ415096	2013	Angola	IV	4C	4C3
2013/KJ806939/Singapore	dengue	2013-XX-XX	KJ806939	2013	Singapore	IV	4C	4C1
2013/KY818202/Philippines	dengue	2013-XX-XX	KY818202	2013	Philippines	IV	4C	4C1
2014/KT175081/China	dengue	2014-XX-XX	KT175081	2014	China	IV	4C	4C3
2014/KT175096/Philippines	dengue	2014-XX-XX	KT175096	2014	Philippines	IV	4C	4C1
2014/KT175099/Philippines	dengue	2014-XX-XX	KT175099	2014	Philippines	IV	4C	4C2
2015/KT825043/Australia	dengue	2015-XX-XX	KT825043	2015	Australia	IV	4C	4C3
2015/KU310948/China	dengue	2015-XX-XX	KU310948	2015	China	IV	4C	4C3
2016/KY496854/China	dengue	2016-XX-XX	KY496854	2016	China	IV	4C	4C1
1983/AF425611/Australia	dengue	1983-XX-XX	AF425611	1983	Australia	IV	4D	4D1
2000/JN415499/East_Timor	dengue	2000-XX-XX	JN415499	2000	East_Timor	IV	4D	4D3
2001/KY275186/East_Timor	dengue	2001-XX-XX	KY275186	2001	East_Timor	IV	4D	4D3
2002/KY275188/East_Timor	dengue	2002-XX-XX	KY275188	2002	East_Timor	IV	4D	4D3
2007/KC762651/Indonesia	dengue	2007-XX-XX	KC762651	2007	Indonesia	IV	4D	4D2
2008/JN415500/East_Timor	dengue	2008-XX-XX	JN415500	2008	East_Timor	IV	4D	4D3
2009/KT825045/Australia	dengue	2009-XX-XX	KT825045	2009	Australia	IV	4D	4D3
2010/JN415502/East_Timor	dengue	2010-XX-XX	JN415502	2010	East_Timor	IV	4D	4D3
2010/JN415510/Indonesia	dengue	2010-XX-XX	JN415510	2010	Indonesia	IV	4D	4D3
1993/DQ211348/China	dengue	1993-XX-XX	DQ211348	1993	China	IV	4E	4E4
1998/AB189121/Indonesia	dengue	1998-XX-XX	AB189121	1998	Indonesia	IV	4E	4E1
2002/JF459993/Myanmar	dengue	2002-XX-XX	JF459993	2002	Myanmar	IV	4E	4E2
2002/DQ855296/China	dengue	2002-XX-XX	DQ855296	2002	China	IV	4E	4E4
2002/AB232666/Indonesia	dengue	2002-XX-XX	AB232666	2002	Indonesia	IV	4E	4E5
2003/FJ196842/China	dengue	2003-XX-XX	FJ196842	2003	China	IV	4E	4E4
2003/JN415488/Indonesia	dengue	2003-XX-XX	JN415488	2003	Indonesia	IV	4E	4E4
2003/JN415514/Australia	dengue	2003-XX-XX	JN415514	2003	Australia	IV	4E	4E4
2007/EU448409/Indonesia	dengue	2007-XX-XX	EU448409	2007	Indonesia	IV	4E	4E4
2007/KT827366/China	dengue	2007-XX-XX	KT827366	2007	China	IV	4E	4E4
2008/JF967793/Indonesia	dengue	2008-XX-XX	JF967793	2008	Indonesia	IV	4E	4E7
2008/KC762630/Indonesia	dengue	2008-XX-XX	KC762630	2008	Indonesia	IV	4E	4E8
2009/JF967867/Indonesia	dengue	2009-XX-XX	JF967867	2009	Indonesia	IV	4E	4E1
2009/JF967854/Indonesia	dengue	2009-XX-XX	JF967854	2009	Indonesia	IV	4E	4E7
2009/AB597980/Indonesia	dengue	2009-XX-XX	AB597980	2009	Indonesia	IV	4E	4E8
2010/KU509261/Indonesia	dengue	2010-XX-XX	KU509261	2010	Indonesia	IV	4E	4E1
2010/JF967918/Indonesia	dengue	2010-XX-XX	JF967918	2010	Indonesia	IV	4E	4E3
2010/KY275190/East_Timor	dengue	2010-XX-XX	KY275190	2010	East_Timor	IV	4E	4E6
2010/HQ871946/Australia	dengue	2010-XX-XX	HQ871946	2010	Australia	IV	4E	4E7
2010/KM216668/Indonesia	dengue	2010-XX-XX	KM216668	2010	Indonesia	IV	4E	4E7
2010/JF967902/Indonesia	dengue	2010-XX-XX	JF967902	2010	Indonesia	IV	4E	4E8
2011/JN544411/Singapore	dengue	2011-XX-XX	JN544411	2011	Singapore	IV	4E	4E1
2011/KT824971/Indonesia	dengue	2011-XX-XX	KT824971	2011	Indonesia	IV	4E	4E1
2011/KT824976/Australia	dengue	2011-XX-XX	KT824976	2011	Australia	IV	4E	4E1
2011/JN544410/Singapore	dengue	2011-XX-XX	JN544410	2011	Singapore	IV	4E	4E6
2011/AB915374/Indonesia	dengue	2011-XX-XX	AB915374	2011	Indonesia	IV	4E	4E8
2012/AB915373/Indonesia	dengue	2012-XX-XX	AB915373	2012	Indonesia	IV	4E	4E8
2013/KY818135/Indonesia	dengue	2013-XX-XX	KY818135	2013	Indonesia	IV	4E	4E6
1988/AB600922/Indonesia	dengue	1988-XX-XX	AB600922	1988	Indonesia	IV	4F	4F1
1988/AB600923/Indonesia	dengue	1988-XX-XX	AB600923	1988	Indonesia	IV	4F	4F2
1995/DQ855297/China	dengue	1995-XX-XX	DQ855297	1995	China	IV	4F	4F4
2003/AB195673/Seychelles	dengue	2003-XX-XX	AB195673	2003	Seychelles	IV	4F	4F3
2006/EU448412/Madagascar	dengue	2006-XX-XX	EU448412	2006	Madagascar	IV	4F	4F3
2009/KX646375/Indonesia	dengue	2009-XX-XX	KX646375	2009	Indonesia	IV	4F	4F3
2010/JN415513/Malaysia	dengue	2010-XX-XX	JN415513	2010	Malaysia	IV	4F	4F5
2010/KM216682/Indonesia	dengue	2010-XX-XX	KM216682	2010	Indonesia	IV	4F	4F5
2011/LC148028/Indonesia	dengue	2011-XX-XX	LC148028	2011	Indonesia	IV	4F	4F5
2002/JN415503/Fiji	dengue	2002-XX-XX	JN415503	2002	Fiji	IV	4G	4G5
2002/JQ655094/Solomon_Islands	dengue	2002-XX-XX	JQ655094	2002	Solomon_Islands	IV	4G	4G5
2003/JN415495/Australia	dengue	2003-XX-XX	JN415495	2003	Australia	IV	4G	4G5
2003/JN415518/Papua_New_Guinea	dengue	2003-XX-XX	JN415518	2003	Papua_New_Guinea	IV	4G	4G5
2003/JX891658/Marshall_Islands	dengue	2003-XX-XX	JX891658	2003	Marshall_Islands	IV	4G	4G5
2011/KT824978/Papua_New_Guinea	dengue	2011-XX-XX	KT824978	2011	Papua_New_Guinea	IV	4G	4G1
2011/KT825048/Papua_New_Guinea	dengue	2011-XX-XX	KT825048	2011	Papua_New_Guinea	IV	4G	4G2
2012/KT824991/Papua_New_Guinea	dengue	2012-XX-XX	KT824991	2012	Papua_New_Guinea	IV	4G	4G4
2013/KT825009/Papua_New_Guinea	dengue	2013-XX-XX	KT825009	2013	Papua_New_Guinea	IV	4G	4G4
2013/KT825010/Papua_New_Guinea	dengue	2013-XX-XX	KT825010	2013	Papua_New_Guinea	IV	4G	4G2
2015/KT825070/Papua_New_Guinea	dengue	2015-XX-XX	KT825070	2015	Papua_New_Guinea	IV	4G	4G3
2015/KY495800/Papua_New_Guinea	dengue	2015-XX-XX	KY495800	2015	Papua_New_Guinea	IV	4G	4G4
2016/KY495801/Papua_New_Guinea	dengue	2016-XX-XX	KY495801	2016	Papua_New_Guinea	IV	4G	4G2
1998/AB189120/Indonesia	dengue	1998-XX-XX	AB189120	1998	Indonesia	IV	4H	4H1
2001/DQ672563/USA.Hawaii	dengue	2001-XX-XX	DQ672563	2001	USA.Hawaii	IV	4H	4H1
2001/FJ898448/French_Polynesia	dengue	2001-XX-XX	FJ898448	2001	French_Polynesia	IV	4H	4H1
2001/JQ655049/New_Caledonia	dengue	2001-XX-XX	JQ655049	2001	New_Caledonia	IV	4H	4H1
2002/EU863650/Easter_Island	dengue	2002-XX-XX	EU863650	2002	Easter_Island	IV	4H	4H1
2002/JN415497/Cook_Islands	dengue	2002-XX-XX	JN415497	2002	Cook_Islands	IV	4H	4H1
2002/JQ915077/New_Caledonia	dengue	2002-XX-XX	JQ915077	2002	New_Caledonia	IV	4H	4H1
2003/JQ655061/New_Caledonia	dengue	2003-XX-XX	JQ655061	2003	New_Caledonia	IV	4H	4H1
2003/JQ655097/Wallis_and_Futuna	dengue	2003-XX-XX	JQ655097	2003	Wallis_and_Futuna	IV	4H	4H1
2006/JN415498/Cook_Islands	dengue	2006-XX-XX	JN415498	2006	Cook_Islands	IV	4H	4H1
2006/JN415505/Fiji	dengue	2006-XX-XX	JN415505	2006	Fiji	IV	4H	4H1
2007/JQ655067/New_Caledonia	dengue	2007-XX-XX	JQ655067	2007	New_Caledonia	IV	4H	4H1
2007/KT824964/Cook_Islands	dengue	2007-XX-XX	KT824964	2007	Cook_Islands	IV	4H	4H1
2007/JQ654974/French_Polynesia	dengue	2007-XX-XX	JQ654974	2007	French_Polynesia	IV	4H	4H1
2008/JF967797/Tonga	dengue	2008-XX-XX	JF967797	2008	Tonga	IV	4H	4H1
2008/JQ655074/New_Caledonia	dengue	2008-XX-XX	JQ655074	2008	New_Caledonia	IV	4H	4H1
2008/JQ655033/French_Polynesia	dengue	2008-XX-XX	JQ655033	2008	French_Polynesia	IV	4H	4H1
2009/JQ915076/French_Polynesia	dengue	2009-XX-XX	JQ915076	2009	French_Polynesia	IV	4H	4H1
2009/JQ655077/New_Caledonia	dengue	2009-XX-XX	JQ655077	2009	New_Caledonia	IV	4H	4H1
2010/JQ655096/Vanuatu	dengue	2010-XX-XX	JQ655096	2010	Vanuatu	IV	4H	4H1
2010/JQ915080/New_Caledonia	dengue	2010-XX-XX	JQ915080	2010	New_Caledonia	IV	4H	4H1
2011/KT825046/Fiji	dengue	2011-XX-XX	KT825046	2011	Fiji	IV	4H	4H1
2012/KC316018/New_Caledonia	dengue	2012-XX-XX	KC316018	2012	New_Caledonia	IV	4H	4H1
2012/KY495797/Fiji	dengue	2012-XX-XX	KY495797	2012	Fiji	IV	4H	4H1
2012/KY495798/Kiribati	dengue	2012-XX-XX	KY495798	2012	Kiribati	IV	4H	4H1
2012/KY495799/Niue	dengue	2012-XX-XX	KY495799	2012	Niue	IV	4H	4H1
2013/KT825019/Fiji	dengue	2013-XX-XX	KT825019	2013	Fiji	IV	4H	4H1
2014/KM279390/Fiji	dengue	2014-XX-XX	KM279390	2014	Fiji	IV	4H	4H1
1956/KF289073/India	dengue	1956-XX-XX	KF289073	1956	India	V	5A	5A1
2011/JN544409/Singapore	dengue	2011-XX-XX	JN544409	2011	Singapore	V	5A	5A3
2014/KT239347/Pakistan	dengue	2014-XX-XX	KT239347	2014	Pakistan	V	5A	5A2
1962/JF297571/India	dengue	1962-XX-XX	JF297571	1962	India	V	5B	5B4
1980/AY732411/Thailand	dengue	1980-XX-XX	AY732411	1980	Thailand	V	5B	5B4
1982/JF297580/India	dengue	1982-XX-XX	JF297580	1982	India	V	5B	5B3
1983/AY732379/Thailand	dengue	1983-XX-XX	AY732379	1983	Thailand	V	5B	5B4
1993/AY762084/Singapore	dengue	1993-XX-XX	AY762084	1993	Singapore	V	5B	5B1
1993/DQ285562/Comoros	dengue	1993-XX-XX	DQ285562	1993	Comoros	V	5B	5B2
1994/AM746218/Saudi_Arabia	dengue	1994-XX-XX	AM746218	1994	Saudi_Arabia	V	5B	5B2
2006/FJ687475/India	dengue	2006-XX-XX	FJ687475	2006	India	V	5B	5B5
2007/GQ357691/Singapore	dengue	2007-XX-XX	GQ357691	2007	Singapore	V	5B	5B5
2010/JF967935/Malaysia	dengue	2010-XX-XX	JF967935	2010	Malaysia	V	5B	5B5
2010/JF754980/Nepal	dengue	2010-XX-XX	JF754980	2010	Nepal	V	5B	5B7
2013/KJ806950/Singapore	dengue	2013-XX-XX	KJ806950	2013	Singapore	V	5B	5B5
2014/KT239348/Pakistan	dengue	2014-XX-XX	KT239348	2014	Pakistan	V	5B	5B3
2014/KU551905/India	dengue	2014-XX-XX	KU551905	2014	India	V	5B	5B6
2015/KY021900/India	dengue	2015-XX-XX	KY021900	2015	India	V	5B	5B5
2008/GQ357692/Singapore	dengue	2008-XX-XX	GQ357692	2008	Singapore	V	5C	5C1
2008/JN415507/India	dengue	2008-XX-XX	JN415507	2008	India	V	5C	5C1
2009/JF960211/Singapore	dengue	2009-XX-XX	JF960211	2009	Singapore	V	5C	5C1
2009/HQ149733/China	dengue	2009-XX-XX	HQ149733	2009	China	V	5C	5C1
2009/JN036371/Bangladesh	dengue	2009-XX-XX	JN036371	2009	Bangladesh	V	5C	5C1
2009/JQ917404/India	dengue	2009-XX-XX	JQ917404	2009	India	V	5C	5C1
2010/JN029809/China	dengue	2010-XX-XX	JN029809	2010	China	V	5C	5C1
2010/KT824969/India	dengue	2010-XX-XX	KT824969	2010	India	V	5C	5C1
2011/KU509255/India	dengue	2011-XX-XX	KU509255	2011	India	V	5C	5C1
2011/JN544400/Singapore	dengue	2011-XX-XX	JN544400	2011	Singapore	V	5C	5C1
2012/KY581728/India	dengue	2012-XX-XX	KY581728	2012	India	V	5C	5C1
2012/KU570099/China	dengue	2012-XX-XX	KU570099	2012	China	V	5C	5C1
2012/KX380799/Singapore	dengue	2012-XX-XX	KX380799	2012	Singapore	V	5C	5C1
2013/KM403635/Singapore	dengue	2013-XX-XX	KM403635	2013	Singapore	V	5C	5C1
2013/KP849862/Bhutan	dengue	2013-XX-XX	KP849862	2013	Bhutan	V	5C	5C1
2013/KX225487/China	dengue	2013-XX-XX	KX225487	2013	China	V	5C	5C1
2013/KY581730/India	dengue	2013-XX-XX	KY581730	2013	India	V	5C	5C1
2014/KT175110/India	dengue	2014-XX-XX	KT175110	2014	India	V	5C	5C1
2014/KT239344/Pakistan	dengue	2014-XX-XX	KT239344	2014	Pakistan	V	5C	5C1
2014/KT825026/Maldives	dengue	2014-XX-XX	KT825026	2014	Maldives	V	5C	5C1
2014/KT825063/Australia	dengue	2014-XX-XX	KT825063	2014	Australia	V	5C	5C1
2014/KT825065/Singapore	dengue	2014-XX-XX	KT825065	2014	Singapore	V	5C	5C1
2014/KX621249/China	dengue	2014-XX-XX	KX621249	2014	China	V	5C	5C1
2014/LC038145/Malaysia	dengue	2014-XX-XX	LC038145	2014	Malaysia	V	5C	5C1
2014/LC038147/Indonesia	dengue	2014-XX-XX	LC038147	2014	Indonesia	V	5C	5C1
2015/KT825042/Thailand	dengue	2015-XX-XX	KT825042	2015	Thailand	V	5C	5C1
2015/KT825067/Australia	dengue	2015-XX-XX	KT825067	2015	Australia	V	5C	5C1
2015/KT827378/China	dengue	2015-XX-XX	KT827378	2015	China	V	5C	5C1
2015/KX721476/India	dengue	2015-XX-XX	KX721476	2015	India	V	5C	5C1
2015/KY921903/Singapore	dengue	2015-XX-XX	KY921903	2015	Singapore	V	5C	5C1
2016/KX372686/China	dengue	2016-XX-XX	KX372686	2016	China	V	5C	5C1
2016/KY495795/Maldives	dengue	2016-XX-XX	KY495795	2016	Maldives	V	5C	5C1
1971/AY713473/Myanmar	dengue	1971-XX-XX	AY713473	1971	Myanmar	V	5D	5D1
1976/AF425615/Myanmar	dengue	1976-XX-XX	AF425615	1976	Myanmar	V	5D	5D1
1996/AY589692/Myanmar	dengue	1996-XX-XX	AY589692	1996	Myanmar	V	5D	5D2
1998/AY600860/Myanmar	dengue	1998-XX-XX	AY600860	1998	Myanmar	V	5D	5D2
1968/AF425625/Nigeria	dengue	1968-XX-XX	AF425625	1968	Nigeria	V	5E	5E1
1985/AF425620/Cote_dIvoire	dengue	1985-XX-XX	AF425620	1985	Cote_dIvoire	V	5F	5F1
1999/AF298807/Cote_dIvoire	dengue	1999-XX-XX	AF298807	1999	Cote_dIvoire	V	5G	5G1
1970/JF297578/India	dengue	1970-XX-XX	JF297578	1970	India	V	5H	5H1
1971/JF297579/India	dengue	1971-XX-XX	JF297579	1971	India	V	5H	5H2
2014/KT239349/Pakistan	dengue	2014-XX-XX	KT239349	2014	Pakistan	V	5H	5H2
2014/KT239350/Pakistan	dengue	2014-XX-XX	KT239350	2014	Pakistan	V	5H	5H1
2013/KF864667/China	dengue	2013-XX-XX	KF864667	2013	China	V	5I	5I1
2013/KM277610/Angola	dengue	2013-XX-XX	KM277610	2013	Angola	V	5I	5I1
2013/KU570098/China	dengue	2013-XX-XX	KU570098	2013	China	V	5I	5I1
1977/D00501/Jamaica	dengue	1977-XX-XX	D00501	1977	Jamaica	V	5J	5J1
1983/D00504/Mexico	dengue	1983-XX-XX	D00504	1983	Mexico	V	5J	5J2
1985/D00505/Aruba	dengue	1985-XX-XX	D00505	1985	Aruba	V	5J	5J2
1962/JF297572/India	dengue	1962-XX-XX	JF297572	1962	India	V	5K	5K1
1962/JF297573/India	dengue	1962-XX-XX	JF297573	1962	India	V	5K	5K2
1963/JF297574/India	dengue	1963-XX-XX	JF297574	1963	India	V	5K	5K3
1963/JF297575/India	dengue	1963-XX-XX	JF297575	1963	India	V	5K	5K4
1963/JF297576/India	dengue	1963-XX-XX	JF297576	1963	India	V	5K	5K5
1963/JF297577/India	dengue	1963-XX-XX	JF297577	1963	India	V	5K	5K6
1977/AF425621/Jamaica	dengue	1977-XX-XX	AF425621	1977	Jamaica	V	5K	5K12
1977/AF425618/Grenada	dengue	1977-XX-XX	AF425618	1977	Grenada	V	5K	5K12
1977/JN379475/Bahamas	dengue	1977-XX-XX	JN379475	1977	Bahamas	V	5K	5K12
1978/JN379481/Grenada	dengue	1978-XX-XX	JN379481	1978	Grenada	V	5K	5K12
1978/JN379482/Grenada	dengue	1978-XX-XX	JN379482	1978	Grenada	V	5K	5K12
1978/AF425631/Trinidad_and_Tobago	dengue	1978-XX-XX	AF425631	1978	Trinidad_and_Tobago	V	5K	5K17
1981/JN379484/Grenada	dengue	1981-XX-XX	JN379484	1981	Grenada	V	5K	5K12
1981/JN379483/Trinidad_and_Tobago	dengue	1981-XX-XX	JN379483	1981	Trinidad_and_Tobago	V	5K	5K12
1981/JN379485/Suriname	dengue	1981-XX-XX	JN379485	1981	Suriname	V	5K	5K12
1982/AF425613/Brazil	dengue	1982-XX-XX	AF425613	1982	Brazil	V	5K	5K12
1982/DQ341188/Mexico	dengue	1982-XX-XX	DQ341188	1982	Mexico	V	5K	5K13
1983/AF425624/Mexico	dengue	1983-XX-XX	AF425624	1983	Mexico	V	5K	5K13
1984/DQ341189/Mexico	dengue	1984-XX-XX	DQ341189	1984	Mexico	V	5K	5K13
1984/DQ341190/Mexico	dengue	1984-XX-XX	DQ341190	1984	Mexico	V	5K	5K16
1985/AF425616/Colombia	dengue	1985-XX-XX	AF425616	1985	Colombia	V	5K	5K12
1985/AF425609/Aruba	dengue	1985-XX-XX	AF425609	1985	Aruba	V	5K	5K22
1986/AF425639/Trinidad_and_Tobago	dengue	1986-XX-XX	AF425639	1986	Trinidad_and_Tobago	V	5K	5K12
1986/DQ341191/Mexico	dengue	1986-XX-XX	DQ341191	1986	Mexico	V	5K	5K14
1986/FJ562106/Puerto_Rico	dengue	1986-XX-XX	FJ562106	1986	Puerto_Rico	V	5K	5K22
1988/AF425610/Angola	dengue	1988-XX-XX	AF425610	1988	Angola	V	5K	5K18
1989/AF226687/French_Guiana	dengue	1989-XX-XX	AF226687	1989	French_Guiana	V	5K	5K23
1990/AF425623/Mexico	dengue	1990-XX-XX	AF425623	1990	Mexico	V	5K	5K15
1992/FJ410186/Puerto_Rico	dengue	1992-XX-XX	FJ410186	1992	Puerto_Rico	V	5K	5K22
1993/JN819417/El_Salvador	dengue	1993-XX-XX	JN819417	1993	El_Salvador	V	5K	5K19
1993/AY153755/Costa_Rica	dengue	1993-XX-XX	AY153755	1993	Costa_Rica	V	5K	5K20
1993/FJ562105/Puerto_Rico	dengue	1993-XX-XX	FJ562105	1993	Puerto_Rico	V	5K	5K23
1994/DQ341192/Mexico	dengue	1994-XX-XX	DQ341192	1994	Mexico	V	5K	5K21
1995/DQ341194/Mexico	dengue	1995-XX-XX	DQ341194	1995	Mexico	V	5K	5K21
1995/FJ547086/Puerto_Rico	dengue	1995-XX-XX	FJ547086	1995	Puerto_Rico	V	5K	5K22
1995/FJ205874/USA	dengue	1995-XX-XX	FJ205874	1995	USA	V	5K	5K23
1996/AF425617/Colombia	dengue	1996-XX-XX	AF425617	1996	Colombia	V	5K	5K12
1996/FJ410188/Puerto_Rico	dengue	1996-XX-XX	FJ410188	1996	Puerto_Rico	V	5K	5K20
2002/HM450094/Brazil	dengue	2002-XX-XX	HM450094	2002	Brazil	V	5K	5K12
2006/EU448413/India	dengue	2006-XX-XX	EU448413	2006	India	V	5K	5K9
2007/JN903578/India	dengue	2007-XX-XX	JN903578	2007	India	V	5K	5K10
2014/KT239345/Pakistan	dengue	2014-XX-XX	KT239345	2014	Pakistan	V	5K	5K11
2014/KT239351/Pakistan	dengue	2014-XX-XX	KT239351	2014	Pakistan	V	5K	5K6
2014/KT239352/Pakistan	dengue	2014-XX-XX	KT239352	2014	Pakistan	V	5K	5K5
1985/GQ868601/Virgin_Islands	dengue	1985-XX-XX	GQ868601	1985	Virgin_Islands	V	5L	5L1
2000/FJ850070/Brazil	dengue	2000-XX-XX	FJ850070	2000	Brazil	V	5L	5L1
2001/HM450088/Brazil	dengue	2001-XX-XX	HM450088	2001	Brazil	V	5L	5L1
2002/HM450105/Brazil	dengue	2002-XX-XX	HM450105	2002	Brazil	V	5L	5L1
2003/HM450096/Brazil	dengue	2003-XX-XX	HM450096	2003	Brazil	V	5L	5L1
2006/FJ850087/Brazil	dengue	2006-XX-XX	FJ850087	2006	Brazil	V	5L	5L3
2007/FJ850090/Brazil	dengue	2007-XX-XX	FJ850090	2007	Brazil	V	5L	5L1
2007/HM450101/Brazil	dengue	2007-XX-XX	HM450101	2007	Brazil	V	5L	5L3
2008/GU131863/Brazil	dengue	2008-XX-XX	GU131863	2008	Brazil	V	5L	5L3
2009/HQ026761/Brazil	dengue	2009-XX-XX	HQ026761	2009	Brazil	V	5L	5L3
2010/HQ026762/Brazil	dengue	2010-XX-XX	HQ026762	2010	Brazil	V	5L	5L3
2010/KC692513/Argentina	dengue	2010-XX-XX	KC692513	2010	Argentina	V	5L	5L3
2011/KF672784/Brazil	dengue	2011-XX-XX	KF672784	2011	Brazil	V	5L	5L3
2012/KY818237/Brazil	dengue	2012-XX-XX	KY818237	2012	Brazil	V	5L	5L3
2013/KP188545/Brazil	dengue	2013-XX-XX	KP188545	2013	Brazil	V	5L	5L2
2013/KY818239/Brazil	dengue	2013-XX-XX	KY818239	2013	Brazil	V	5L	5L3
2014/KU509311/Brazil	dengue	2014-XX-XX	KU509311	2014	Brazil	V	5L	5L2
2016/KX768338/Argentina	dengue	2016-XX-XX	KX768338	2016	Argentina	V	5L	5L3
2016/KX768339/Argentina	dengue	2016-XX-XX	KX768339	2016	Argentina	V	5L	5L2
1987/FJ410190/Puerto_Rico	dengue	1987-XX-XX	FJ410190	1987	Puerto_Rico	V	5M	5M6
1987/FJ478458/Puerto_Rico	dengue	1987-XX-XX	FJ478458	1987	Puerto_Rico	V	5M	5M7
1991/AF425626/Peru	dengue	1991-XX-XX	AF425626	1991	Peru	V	5M	5M1
1992/FJ410187/Puerto_Rico	dengue	1992-XX-XX	FJ410187	1992	Puerto_Rico	V	5M	5M7
1993/FJ410184/Puerto_Rico	dengue	1993-XX-XX	FJ410184	1993	Puerto_Rico	V	5M	5M2
1993/FJ410183/Puerto_Rico	dengue	1993-XX-XX	FJ410183	1993	Puerto_Rico	V	5M	5M6
1994/FJ410175/Puerto_Rico	dengue	1994-XX-XX	FJ410175	1994	Puerto_Rico	V	5M	5M7
1995/FJ205875/USA	dengue	1995-XX-XX	FJ205875	1995	USA	V	5M	5M3
1995/JN379486/Barbados	dengue	1995-XX-XX	JN379486	1995	Barbados	V	5M	5M4
1995/FJ410181/Puerto_Rico	dengue	1995-XX-XX	FJ410181	1995	Puerto_Rico	V	5M	5M6
1995/FJ410180/Puerto_Rico	dengue	1995-XX-XX	FJ410180	1995	Puerto_Rico	V	5M	5M7
1996/KF921911/Puerto_Rico	dengue	1996-XX-XX	KF921911	1996	Puerto_Rico	V	5M	5M6
1996/FJ410182/Puerto_Rico	dengue	1996-XX-XX	FJ410182	1996	Puerto_Rico	V	5M	5M7
1998/KF955438/Puerto_Rico	dengue	1998-XX-XX	KF955438	1998	Puerto_Rico	V	5M	5M6
1998/EU482592/Puerto_Rico	dengue	1998-XX-XX	EU482592	1998	Puerto_Rico	V	5M	5M7
1998/FJ205872/USA	dengue	1998-XX-XX	FJ205872	1998	USA	V	5M	5M7
1998/KF955437/Puerto_Rico	dengue	1998-XX-XX	KF955437	1998	Puerto_Rico	V	5M	5M7
1999/AB111065/Paraguay	dengue	1999-XX-XX	AB111065	1999	Paraguay	V	5M	5M7
1999/AY277652/Argentina	dengue	1999-XX-XX	AY277652	1999	Argentina	V	5M	5M7
2000/AY277666/Argentina	dengue	2000-XX-XX	AY277666	2000	Argentina	V	5M	5M7
2003/JN379472/Barbados	dengue	2003-XX-XX	JN379472	2003	Barbados	V	5M	5M5
1986/HQ026760/Brazil	dengue	1986-XX-XX	HQ026760	1986	Brazil	V	5N	5N1
1988/KF672761/Brazil	dengue	1988-XX-XX	KF672761	1988	Brazil	V	5N	5N1
1989/KF672762/Brazil	dengue	1989-XX-XX	KF672762	1989	Brazil	V	5N	5N1
1990/AF226685/Brazil	dengue	1990-XX-XX	AF226685	1990	Brazil	V	5N	5N1
1991/KF672791/Brazil	dengue	1991-XX-XX	KF672791	1991	Brazil	V	5N	5N7
1994/AF425637/Venezuela	dengue	1994-XX-XX	AF425637	1994	Venezuela	V	5N	5N3
1994/HM450079/Brazil	dengue	1994-XX-XX	HM450079	1994	Brazil	V	5N	5N7
1995/AF425632/Venezuela	dengue	1995-XX-XX	AF425632	1995	Venezuela	V	5N	5N16
1995/AF425635/Venezuela	dengue	1995-XX-XX	AF425635	1995	Venezuela	V	5N	5N3
1996/HM450080/Brazil	dengue	1996-XX-XX	HM450080	1996	Brazil	V	5N	5N7
1997/FJ639735/Venezuela	dengue	1997-XX-XX	FJ639735	1997	Venezuela	V	5N	5N10
1997/AF311956/Brazil	dengue	1997-XX-XX	AF311956	1997	Brazil	V	5N	5N7
1998/FJ639741/Venezuela	dengue	1998-XX-XX	FJ639741	1998	Venezuela	V	5N	5N2
1998/GU056033/Venezuela	dengue	1998-XX-XX	GU056033	1998	Venezuela	V	5N	5N3
1998/GU056032/Venezuela	dengue	1998-XX-XX	GU056032	1998	Venezuela	V	5N	5N5
1998/KF672779/Brazil	dengue	1998-XX-XX	KF672779	1998	Brazil	V	5N	5N7
1998/JX669470/Brazil	dengue	1998-XX-XX	JX669470	1998	Brazil	V	5N	5N8
1999/JN379487/Barbados	dengue	1999-XX-XX	JN379487	1999	Barbados	V	5N	5N2
1999/HM450083/Brazil	dengue	1999-XX-XX	HM450083	1999	Brazil	V	5N	5N7
1999/JX669471/Brazil	dengue	1999-XX-XX	JX669471	1999	Brazil	V	5N	5N8
2000/GU131833/Venezuela	dengue	2000-XX-XX	GU131833	2000	Venezuela	V	5N	5N2
2000/HM450084/Brazil	dengue	2000-XX-XX	HM450084	2000	Brazil	V	5N	5N7
2000/KF672787/Brazil	dengue	2000-XX-XX	KF672787	2000	Brazil	V	5N	5N7
2000/KF672763/Brazil	dengue	2000-XX-XX	KF672763	2000	Brazil	V	5N	5N8
2000/AF514883/Paraguay	dengue	2000-XX-XX	AF514883	2000	Paraguay	V	5N	5N9
2000/AY277665/Argentina	dengue	2000-XX-XX	AY277665	2000	Argentina	V	5N	5N9
2001/JN379471/Barbados	dengue	2001-XX-XX	JN379471	2001	Barbados	V	5N	5N2
2001/AB519681/Brazil	dengue	2001-XX-XX	AB519681	2001	Brazil	V	5N	5N7
2001/HM450098/Brazil	dengue	2001-XX-XX	HM450098	2001	Brazil	V	5N	5N8
2002/JX669475/Brazil	dengue	2002-XX-XX	JX669475	2002	Brazil	V	5N	5N7
2002/HM450091/Brazil	dengue	2002-XX-XX	HM450091	2002	Brazil	V	5N	5N9
2006/JN819415/Venezuela	dengue	2006-XX-XX	JN819415	2006	Venezuela	V	5N	5N10
2007/HQ332183/Venezuela	dengue	2007-XX-XX	HQ332183	2007	Venezuela	V	5N	5N10
2008/KF955410/Nicaragua	dengue	2008-XX-XX	KF955410	2008	Nicaragua	V	5N	5N11
2009/JF937635/Nicaragua	dengue	2009-XX-XX	JF937635	2009	Nicaragua	V	5N	5N12
2011/KF973460/Nicaragua	dengue	2011-XX-XX	KF973460	2011	Nicaragua	V	5N	5N11
2011/KJ189348/Mexico	dengue	2011-XX-XX	KJ189348	2011	Mexico	V	5N	5N13
2012/JX891659/El_Salvador	dengue	2012-XX-XX	JX891659	2012	El_Salvador	V	5N	5N10
2012/KF973474/Nicaragua	dengue	2012-XX-XX	KF973474	2012	Nicaragua	V	5N	5N11
2012/KF973463/Nicaragua	dengue	2012-XX-XX	KF973463	2012	Nicaragua	V	5N	5N12
2012/KM279419/Mexico	dengue	2012-XX-XX	KM279419	2012	Mexico	V	5N	5N12
2012/KM279413/Mexico	dengue	2012-XX-XX	KM279413	2012	Mexico	V	5N	5N13
2013/KY461754/Costa_Rica	dengue	2013-XX-XX	KY461754	2013	Costa_Rica	V	5N	5N10
2013/KY882515/Mexico	dengue	2013-XX-XX	KY882515	2013	Mexico	V	5N	5N12
2013/KY882517/Mexico	dengue	2013-XX-XX	KY882517	2013	Mexico	V	5N	5N13
2014/KM458186/USA	dengue	2014-XX-XX	KM458186	2014	USA	V	5N	5N14
2014/KM458188/USA	dengue	2014-XX-XX	KM458188	2014	USA	V	5N	5N12
2014/KM458189/USA	dengue	2014-XX-XX	KM458189	2014	USA	V	5N	5N15
2006/EU448414/El_Salvador	dengue	2006-XX-XX	EU448414	2006	El_Salvador	V	5O	5O1
2006/FJ547068/Nicaragua	dengue	2006-XX-XX	FJ547068	2006	Nicaragua	V	5O	5O1
2006/GU131958/Mexico	dengue	2006-XX-XX	GU131958	2006	Mexico	V	5O	5O1
2006/FJ562104/Nicaragua	dengue	2006-XX-XX	FJ562104	2006	Nicaragua	V	5O	5O2
2006/KF955416/Mexico	dengue	2006-XX-XX	KF955416	2006	Mexico	V	5O	5O3
2007/FJ898433/Nicaragua	dengue	2007-XX-XX	FJ898433	2007	Nicaragua	V	5O	5O1
2007/KJ189318/Mexico	dengue	2007-XX-XX	KJ189318	2007	Mexico	V	5O	5O1
2007/KY461738/Costa_Rica	dengue	2007-XX-XX	KY461738	2007	Costa_Rica	V	5O	5O1
2007/KY461736/Costa_Rica	dengue	2007-XX-XX	KY461736	2007	Costa_Rica	V	5O	5O2
2007/KJ189330/Mexico	dengue	2007-XX-XX	KJ189330	2007	Mexico	V	5O	5O3
2007/GU131965/Mexico	dengue	2007-XX-XX	GU131965	2007	Mexico	V	5O	5O4
2008/JF967804/Honduras	dengue	2008-XX-XX	JF967804	2008	Honduras	V	5O	5O1
2008/KJ189339/Mexico	dengue	2008-XX-XX	KJ189339	2008	Mexico	V	5O	5O1
2008/FJ547088/Nicaragua	dengue	2008-XX-XX	FJ547088	2008	Nicaragua	V	5O	5O2
2008/KJ189315/Mexico	dengue	2008-XX-XX	KJ189315	2008	Mexico	V	5O	5O3
2008/GQ868537/Mexico	dengue	2008-XX-XX	GQ868537	2008	Mexico	V	5O	5O4
2009/JQ425062/USA	dengue	2009-XX-XX	JQ425062	2009	USA	V	5O	5O1
2009/JQ287666/Nicaragua	dengue	2009-XX-XX	JQ287666	2009	Nicaragua	V	5O	5O1
2009/KJ189345/Mexico	dengue	2009-XX-XX	KJ189345	2009	Mexico	V	5O	5O1
2009/JQ425068/USA	dengue	2009-XX-XX	JQ425068	2009	USA	V	5O	5O2
2009/KJ189316/Mexico	dengue	2009-XX-XX	KJ189316	2009	Mexico	V	5O	5O3
2009/JQ425066/USA	dengue	2009-XX-XX	JQ425066	2009	USA	V	5O	5O4
2009/KJ189347/Mexico	dengue	2009-XX-XX	KJ189347	2009	Mexico	V	5O	5O4
2010/KU728185/Belize	dengue	2010-XX-XX	KU728185	2010	Belize	V	5O	5O1
2010/JQ675358/USA	dengue	2010-XX-XX	JQ675358	2010	USA	V	5O	5O2
2010/JQ065903/Mexico	dengue	2010-XX-XX	JQ065903	2010	Mexico	V	5O	5O3
2010/JQ920432/Mexico	dengue	2010-XX-XX	JQ920432	2010	Mexico	V	5O	5O4
2011/KF973462/Nicaragua	dengue	2011-XX-XX	KF973462	2011	Nicaragua	V	5O	5O2
2011/KJ189307/Mexico	dengue	2011-XX-XX	KJ189307	2011	Mexico	V	5O	5O4
2012/KF973471/Nicaragua	dengue	2012-XX-XX	KF973471	2012	Nicaragua	V	5O	5O2
2012/KY461755/Costa_Rica	dengue	2012-XX-XX	KY461755	2012	Costa_Rica	V	5O	5O2
2012/KY818279/Mexico	dengue	2012-XX-XX	KY818279	2012	Mexico	V	5O	5O3
2012/KY882518/Mexico	dengue	2012-XX-XX	KY882518	2012	Mexico	V	5O	5O4
2013/KJ415092/Angola	dengue	2013-XX-XX	KJ415092	2013	Angola	V	5O	5O2
2013/KY461750/Costa_Rica	dengue	2013-XX-XX	KY461750	2013	Costa_Rica	V	5O	5O1
2013/KY461752/Costa_Rica	dengue	2013-XX-XX	KY461752	2013	Costa_Rica	V	5O	5O2
2013/KY818139/Honduras	dengue	2013-XX-XX	KY818139	2013	Honduras	V	5O	5O1
2013/KY818266/Mexico	dengue	2013-XX-XX	KY818266	2013	Mexico	V	5O	5O4
2013/KY882503/Honduras	dengue	2013-XX-XX	KY882503	2013	Honduras	V	5O	5O2
2014/KM458190/USA	dengue	2014-XX-XX	KM458190	2014	USA	V	5O	5O1
2014/KU509312/Nicaragua	dengue	2014-XX-XX	KU509312	2014	Nicaragua	V	5O	5O2
2014/KY461749/Costa_Rica	dengue	2014-XX-XX	KY461749	2014	Costa_Rica	V	5O	5O2
2014/KY818140/Honduras	dengue	2014-XX-XX	KY818140	2014	Honduras	V	5O	5O1
2016/KY829115/Saint_Barthelemy	dengue	2016-XX-XX	KY829115	2016	Saint_Barthelemy	V	5O	5O2
1994/AF425636/Venezuela	dengue	1994-XX-XX	AF425636	1994	Venezuela	V	5P	5P1
1995/AF425638/Venezuela	dengue	1995-XX-XX	AF425638	1995	Venezuela	V	5P	5P1
1997/AF425634/Venezuela	dengue	1997-XX-XX	AF425634	1997	Venezuela	V	5P	5P1
1998/FJ639740/Venezuela	dengue	1998-XX-XX	FJ639740	1998	Venezuela	V	5P	5P1
1998/KJ189302/Colombia	dengue	1998-XX-XX	KJ189302	1998	Colombia	V	5P	5P1
1998/KJ189303/Colombia	dengue	1998-XX-XX	KJ189303	1998	Colombia	V	5P	5P8
1999/FJ639743/Venezuela	dengue	1999-XX-XX	FJ639743	1999	Venezuela	V	5P	5P1
2001/GU131834/Venezuela	dengue	2001-XX-XX	GU131834	2001	Venezuela	V	5P	5P1
2001/GU131948/Colombia	dengue	2001-XX-XX	GU131948	2001	Colombia	V	5P	5P1
2002/JQ581652/Colombia	dengue	2002-XX-XX	JQ581652	2002	Colombia	V	5P	5P1
2006/JQ581642/Colombia	dengue	2006-XX-XX	JQ581642	2006	Colombia	V	5P	5P8
2006/JQ581616/Colombia	dengue	2006-XX-XX	JQ581616	2006	Colombia	V	5P	5P9
2006/KF955413/Venezuela	dengue	2006-XX-XX	KF955413	2006	Venezuela	V	5P	5P9
2007/JQ581633/Colombia	dengue	2007-XX-XX	JQ581633	2007	Colombia	V	5P	5P8
2007/HM450103/Brazil	dengue	2007-XX-XX	HM450103	2007	Brazil	V	5P	5P9
2007/HQ332179/Venezuela	dengue	2007-XX-XX	HQ332179	2007	Venezuela	V	5P	5P9
2008/FJ850104/Venezuela	dengue	2008-XX-XX	FJ850104	2008	Venezuela	V	5P	5P1
2008/GQ868570/Colombia	dengue	2008-XX-XX	GQ868570	2008	Colombia	V	5P	5P2
2008/JQ581604/Colombia	dengue	2008-XX-XX	JQ581604	2008	Colombia	V	5P	5P3
2008/JQ581619/Colombia	dengue	2008-XX-XX	JQ581619	2008	Colombia	V	5P	5P8
2008/JN415506/Guyana	dengue	2008-XX-XX	JN415506	2008	Guyana	V	5P	5P9
2008/JQ581605/Colombia	dengue	2008-XX-XX	JQ581605	2008	Colombia	V	5P	5P9
2008/KF444789/Brazil	dengue	2008-XX-XX	KF444789	2008	Brazil	V	5P	5P9
2009/JQ425067/USA	dengue	2009-XX-XX	JQ425067	2009	USA	V	5P	5P1
2009/KX901653/Colombia	dengue	2009-XX-XX	KX901653	2009	Colombia	V	5P	5P8
2009/KF444791/Brazil	dengue	2009-XX-XX	KF444791	2009	Brazil	V	5P	5P9
2010/KX901654/Colombia	dengue	2010-XX-XX	KX901654	2010	Colombia	V	5P	5P8
2010/KC692517/Argentina	dengue	2010-XX-XX	KC692517	2010	Argentina	V	5P	5P9
2010/JN713897/Brazil	dengue	2010-XX-XX	JN713897	2010	Brazil	V	5P	5P9
2011/KY818070/Colombia	dengue	2011-XX-XX	KY818070	2011	Colombia	V	5P	5P9
2011/KU509254/Venezuela	dengue	2011-XX-XX	KU509254	2011	Venezuela	V	5P	5P9
2012/KY818097/Colombia	dengue	2012-XX-XX	KY818097	2012	Colombia	V	5P	5P3
2012/KY818270/Mexico	dengue	2012-XX-XX	KY818270	2012	Mexico	V	5P	5P4
2012/KY818144/Colombia	dengue	2012-XX-XX	KY818144	2012	Colombia	V	5P	5P6
2012/KY818229/Colombia	dengue	2012-XX-XX	KY818229	2012	Colombia	V	5P	5P7
2012/KY818210/Colombia	dengue	2012-XX-XX	KY818210	2012	Colombia	V	5P	5P9
2013/KY818066/Colombia	dengue	2013-XX-XX	KY818066	2013	Colombia	V	5P	5P10
2013/KY818069/Colombia	dengue	2013-XX-XX	KY818069	2013	Colombia	V	5P	5P9
2013/KY818071/Colombia	dengue	2013-XX-XX	KY818071	2013	Colombia	V	5P	5P6
2013/KY818101/Colombia	dengue	2013-XX-XX	KY818101	2013	Colombia	V	5P	5P3
2013/KY882519/Colombia	dengue	2013-XX-XX	KY882519	2013	Colombia	V	5P	5P5
2013/KY882523/Colombia	dengue	2013-XX-XX	KY882523	2013	Colombia	V	5P	5P7
2014/KX901655/Colombia	dengue	2014-XX-XX	KX901655	2014	Colombia	V	5P	5P7
2014/KY474306/Ecuador	dengue	2014-XX-XX	KY474306	2014	Ecuador	V	5P	5P9
2014/MF797878/Ecuador	dengue	2014-XX-XX	MF797878	2014	Ecuador	V	5P	5P2
2015/KX901656/Colombia	dengue	2015-XX-XX	KX901656	2015	Colombia	V	5P	5P3
2016/KX768377/Argentina	dengue	2016-XX-XX	KX768377	2016	Argentina	V	5P	5P9
1997/GU056029/Venezuela	dengue	1997-XX-XX	GU056029	1997	Venezuela	V	5Q	5Q1
1998/GU056031/Venezuela	dengue	1998-XX-XX	GU056031	1998	Venezuela	V	5Q	5Q1
2000/GU131832/Venezuela	dengue	2000-XX-XX	GU131832	2000	Venezuela	V	5Q	5Q1
2006/EU482591/Puerto_Rico	dengue	2006-XX-XX	EU482591	2006	Puerto_Rico	V	5Q	5Q1
2007/FJ850102/Venezuela	dengue	2007-XX-XX	FJ850102	2007	Venezuela	V	5Q	5Q1
2008/FJ850103/Venezuela	dengue	2008-XX-XX	FJ850103	2008	Venezuela	V	5Q	5Q1
2008/JN022597/Martinique	dengue	2008-XX-XX	JN022597	2008	Martinique	V	5Q	5Q1
2010/JX402213/Puerto_Rico	dengue	2010-XX-XX	JX402213	2010	Puerto_Rico	V	5Q	5Q1
2010/KU509264/Haiti	dengue	2010-XX-XX	KU509264	2010	Haiti	V	5Q	5Q1
2010/KU728188/Dominica	dengue	2010-XX-XX	KU728188	2010	Dominica	V	5Q	5Q1
2010/KC692516/Argentina	dengue	2010-XX-XX	KC692516	2010	Argentina	V	5Q	5Q1
2010/KU509252/Venezuela	dengue	2010-XX-XX	KU509252	2010	Venezuela	V	5Q	5Q1
2010/JQ045562/USA	dengue	2010-XX-XX	JQ045562	2010	USA	V	5Q	5Q2
2010/KJ189360/Puerto_Rico	dengue	2010-XX-XX	KJ189360	2010	Puerto_Rico	V	5Q	5Q2
2011/KT175076/China	dengue	2011-XX-XX	KT175076	2011	China	V	5Q	5Q1
2012/KJ189359/Puerto_Rico	dengue	2012-XX-XX	KJ189359	2012	Puerto_Rico	V	5Q	5Q1
2012/KU509249/Jamaica	dengue	2012-XX-XX	KU509249	2012	Jamaica	V	5Q	5Q1
2012/KY882524/Puerto_Rico	dengue	2012-XX-XX	KY882524	2012	Puerto_Rico	V	5Q	5Q2
2013/KJ415284/USA	dengue	2013-XX-XX	KJ415284	2013	USA	V	5Q	5Q1
2013/KJ676957/USA	dengue	2013-XX-XX	KJ676957	2013	USA	V	5Q	5Q2
2013/KY818246/Puerto_Rico	dengue	2013-XX-XX	KY818246	2013	Puerto_Rico	V	5Q	5Q2
2013/KY882522/Puerto_Rico	dengue	2013-XX-XX	KY882522	2013	Puerto_Rico	V	5Q	5Q1
2014/KT279761/Haiti	dengue	2014-XX-XX	KT279761	2014	Haiti	V	5Q	5Q2
2009/KC692495/Argentina	dengue	2009-XX-XX	KC692495	2009	Argentina	V	5R	5R1
2010/KC692515/Argentina	dengue	2010-XX-XX	KC692515	2010	Argentina	V	5R	5R1
2010/KF672768/Brazil	dengue	2010-XX-XX	KF672768	2010	Brazil	V	5R	5R1
2011/KF419432/Paraguay	dengue	2011-XX-XX	KF419432	2011	Paraguay	V	5R	5R1
2011/KP188540/Brazil	dengue	2011-XX-XX	KP188540	2011	Brazil	V	5R	5R1
2012/KJ651912/Brazil	dengue	2012-XX-XX	KJ651912	2012	Brazil	V	5R	5R1
2013/KP858107/Brazil	dengue	2013-XX-XX	KP858107	2013	Brazil	V	5R	5R1
2016/KX372687/China	dengue	2016-XX-XX	KX372687	2016	China	V	5R	5R1
2016/KX768380/Argentina	dengue	2016-XX-XX	KX768380	2016	Argentina	V	5R	5R1
